1.00041487451 0
1.00124496776 0
1.00207574979 0
1.00290722116 0
1.00373938244 0
1.0045722342 0
1.00540577702 0
1.00624001148 0
1.00707493814 0
1.00791055757 0
1.00874687037 0
1.00958387709 0
1.01042157832 0
1.01125997463 0
1.0120990666 0
1.0129388548 0
1.01377933982 0
1.01462052223 0
1.01546240261 0
1.01630498153 0
1.01714825959 0
1.01799223736 0
1.01883691542 0
1.01968229434 0
1.02052837472 0
1.02137515714 0
1.02222264217 0
1.0230708304 0
1.02391972241 0
1.02476931879 0
1.02561962013 0
1.026470627 0
1.02732233999 0
1.02817475969 0
1.02902788668 0
1.02988172156 0
1.03073626491 0
1.03159151731 0
1.03244747935 0
1.03330415163 0
1.03416153473 0
1.03501962925 0
1.03587843577 0
1.03673795488 0
1.03759818718 0
1.03845913325 0
1.03932079369 0
1.0401831691 0
1.04104626006 0
1.04191006717 0
1.04277459102 0
1.04363983221 0
1.04450579134 0
1.04537246899 0
1.04623986576 0
1.04710798226 0
1.04797681908 0
1.04884637681 0
1.04971665606 0
1.05058765742 0
1.0514593815 0
1.05233182888 0
1.05320500018 0
1.054078896 0
1.05495351692 0
1.05582886356 0
1.05670493652 0
1.0575817364 0
1.05845926381 0
1.05933751934 0
1.0602165036 0
1.0610962172 0
1.06197666075 0
1.06285783483 0
1.06373974008 0
1.06462237708 0
1.06550574645 0
1.06638984879 0
1.06727468472 0
1.06816025484 0
1.06904655976 0
1.06993360009 0
1.07082137644 0
1.07170988942 0
1.07259913965 0
1.07348912773 0
1.07437985427 0
1.0752713199 0
1.07616352522 0
1.07705647085 0
1.07795015739 0
1.07884458547 0
1.07973975571 0
1.08063566871 0
1.08153232509 0
1.08242972547 0
1.08332787047 0
1.0842267607 0
1.08512639679 0
1.08602677935 0
1.086927909 0
1.08782978636 0
1.08873241206 0
1.0896357867 0
1.09053991092 0
1.09144478534 0
1.09235041058 0
1.09325678726 0
1.094163916 0
1.09507179743 0
1.09598043218 0
1.09688982086 0
1.09779996411 0
1.09871086255 0
1.0996225168 0
1.10053492751 0
1.10144809528 0
1.10236202075 0
1.10327670455 0
1.10419214731 0
1.10510834966 0
1.10602531222 0
1.10694303564 0
1.10786152053 0
1.10878076754 0
1.10970077729 0
1.11062155041 0
1.11154308755 0
1.11246538934 0
1.1133884564 0
1.11431228937 0
1.1152368889 0
1.11616225561 0
1.11708839014 0
1.11801529313 0
1.11894296522 0
1.11987140704 0
1.12080061924 0
1.12173060245 0
1.12266135732 0
1.12359288447 0
1.12452518456 0
1.12545825823 0
1.12639210611 0
1.12732672885 0
1.12826212709 0
1.12919830148 0
1.13013525266 0
1.13107298127 0
1.13201148797 0
1.13295077338 0
1.13389083817 0
1.13483168298 0
1.13577330845 0
1.13671571523 0
1.13765890398 0
1.13860287534 0
1.13954762995 0
1.14049316847 0
1.14143949156 0
1.14238659985 0
1.14333449401 0
1.14428317468 0
1.14523264252 0
1.14618289817 0
1.14713394231 0
1.14808577556 0
1.14903839861 0
1.14999181209 0
1.15094601666 0
1.15190101298 0
1.15285680172 0
1.15381338351 0
1.15477075903 0
1.15572892893 0
1.15668789387 0
1.15764765451 0
1.15860821151 0
1.15956956554 0
1.16053171724 0
1.16149466729 0
1.16245841635 0
1.16342296508 0
1.16438831414 0
1.16535446419 0
1.16632141591 0
1.16728916996 0
1.168257727 0
1.1692270877 0
1.17019725272 0
1.17116822274 0
1.17213999842 0
1.17311258043 0
1.17408596944 0
1.17506016611 0
1.17603517113 0
1.17701098516 0
1.17798760886 0
1.17896504292 0
1.179943288 0
1.18092234479 0
1.18190221394 0
1.18288289614 0
1.18386439206 0
1.18484670237 0
1.18582982775 0
1.18681376889 0
1.18779852644 0
1.1887841011 0
1.18977049354 0
1.19075770443 0
1.19174573447 0
1.19273458432 0
1.19372425466 0
1.19471474619 0
1.19570605957 0
1.1966981955 0
1.19769115465 0
1.1986849377 0
1.19967954535 0
1.20067497827 0
1.20167123715 0
1.20266832268 0
1.20366623554 0
1.20466497641 0
1.20566454599 0
1.20666494496 0
1.20766617401 0
1.20866823383 0
1.2096711251 0
1.21067484853 0
1.21167940479 0
1.21268479458 0
1.2136910186 0
1.21469807753 0
1.21570597206 0
1.21671470289 0
1.21772427072 0
1.21873467624 0
1.21974592013 0
1.22075800311 0
1.22177092586 0
1.22278468908 0
1.22379929348 0
1.22481473973 0
1.22583102856 0
1.22684816065 0
1.2278661367 0
1.22888495742 0
1.2299046235 0
1.23092513565 0
1.23194649457 0
1.23296870096 0
1.23399175553 0
1.23501565897 0
1.236040412 0
1.23706601531 0
1.23809246962 0
1.23911977563 0
1.24014793404 0
1.24117694557 0
1.24220681092 0
1.2432375308 0
1.24426910592 0
1.24530153698 0
1.24633482471 0
1.2473689698 0
1.24840397297 0
1.24943983494 0
1.25047655641 0
1.25151413811 0
1.25255258073 0
1.253591885 0
1.25463205163 0
1.25567308134 0
1.25671497484 0
1.25775773286 0
1.2588013561 0
1.25984584528 0
1.26089120113 0
1.26193742437 0
1.2629845157 0
1.26403247586 0
1.26508130556 0
1.26613100553 0
1.26718157649 0
1.26823301915 0
1.26928533425 0
1.27033852251 0
1.27139258464 0
1.27244752139 0
1.27350333347 0
1.2745600216 0
1.27561758653 0
1.27667602896 0
1.27773534964 0
1.27879554929 0
1.27985662864 0
1.28091858842 0
1.28198142935 0
1.28304515218 0
1.28410975763 0
1.28517524644 0
1.28624161934 0
1.28730887705 0
1.28837702033 0
1.28944604989 0
1.29051596648 0
1.29158677083 0
1.29265846369 0
1.29373104577 0
1.29480451783 0
1.29587888061 0
1.29695413483 0
1.29803028125 0
1.2991073206 0
1.30018525362 0
1.30126408105 0
1.30234380364 0
1.30342442213 0
1.30450593726 0
1.30558834978 0
1.30667166043 0
1.30775586995 0
1.3088409791 0
1.30992698861 0
1.31101389924 0
1.31210171173 0
1.31319042683 0
1.3142800453 0
1.31537056787 0
1.31646199531 0
1.31755432835 0
1.31864756776 0
1.31974171428 0
1.32083676867 0
1.32193273167 0
1.32302960406 0
1.32412738657 0
1.32522607996 0
1.326325685 0
1.32742620243 0
1.32852763301 0
1.32962997751 0
1.33073323667 0
1.33183741127 0
1.33294250205 0
1.33404850978 0
1.33515543521 0
1.33626327912 0
1.33737204226 0
1.3384817254 0
1.33959232929 0
1.34070385471 0
1.34181630241 0
1.34292967317 0
1.34404396774 0
1.3451591869 0
1.34627533141 0
1.34739240204 0
1.34851039956 0
1.34962932474 0
1.35074917834 0
1.35186996114 0
1.35299167391 0
1.35411431742 0
1.35523789244 0
1.35636239975 0
1.35748784011 0
1.35861421431 0
1.35974152312 0
1.36086976731 0
1.36199894766 0
1.36312906494 0
1.36426011994 0
1.36539211344 0
1.3665250462 0
1.36765891901 0
1.36879373265 0
1.3699294879 0
1.37106618555 0
1.37220382636 0
1.37334241114 0
1.37448194065 0
1.37562241569 0
1.37676383703 0
1.37790620547 0
1.37904952179 0
1.38019378677 0
1.38133900121 0
1.38248516588 0
1.38363228159 0
1.38478034911 0
1.38592936924 0
1.38707934277 0
1.38823027049 0
1.38938215319 0
1.39053499167 0
1.39168878671 0
1.39284353911 0
1.39399924966 0
1.39515591917 0
1.39631354842 0
1.39747213821 0
1.39863168934 0
1.39979220261 0
1.40095367881 0
1.40211611874 0
1.40327952321 0
1.40444389302 0
1.40560922895 0
1.40677553183 0
1.40794280244 0
1.40911104159 0
1.41028025009 0
1.41145042874 0
1.41262157835 0
1.41379369971 0
1.41496679364 0
1.41614086094 0
1.41731590243 0
1.4184919189 0
1.41966891118 0
1.42084688006 0
1.42202582636 0
1.42320575089 0
1.42438665446 0
1.42556853788 0
1.42675140197 0
1.42793524754 0
1.42912007541 0
1.43030588638 0
1.43149268129 0
1.43268046093 0
1.43386922613 0
1.43505897771 0
1.43624971648 0
1.43744144327 0
1.43863415889 0
1.43982786417 0
1.44102255992 0
1.44221824697 0
1.44341492614 0
1.44461259826 0
1.44581126414 0
1.44701092461 0
1.4482115805 0
1.44941323263 0
1.45061588184 0
1.45181952894 0
1.45302417476 0
1.45422982014 0
1.4554364659 0
1.45664411288 0
1.45785276189 0
1.45906241379 0
1.46027306939 0
1.46148472953 0
1.46269739505 0
1.46391106677 0
1.46512574554 0
1.46634143218 0
1.46755812754 0
1.46877583245 0
1.46999454775 0
1.47121427428 0
1.47243501288 0
1.47365676438 0
1.47487952963 0
1.47610330947 0
1.47732810473 0
1.47855391627 0
1.47978074493 0
1.48100859155 0
1.48223745697 0
1.48346734204 0
1.4846982476 0
1.48593017451 0
1.48716312361 0
1.48839709575 0
1.48963209177 0
1.49086811254 0
1.49210515888 0
1.49334323167 0
1.49458233175 0
1.49582245997 0
1.49706361718 0
1.49830580424 0
1.49954902201 0
1.50079327133 0
1.50203855307 0
1.50328486808 0
1.50453221722 0
1.50578060135 0
1.50703002132 0
1.50828047799 0
1.50953197224 0
1.5107845049 0
1.51203807686 0
1.51329268896 0
1.51454834208 0
1.51580503708 0
1.51706277482 0
1.51832155616 0
1.51958138198 0
1.52084225313 0
1.52210417049 0
1.52336713493 0
1.52463114731 0
1.5258962085 0
1.52716231938 0
1.52842948081 0
1.52969769367 0
1.53096695882 0
1.53223727715 0
1.53350864952 0
1.53478107681 0
1.5360545599 0
1.53732909966 0
1.53860469697 0
1.5398813527 0
1.54115906774 0
1.54243784296 0
1.54371767924 0
1.54499857746 0
1.54628053851 0
1.54756356326 0
1.54884765261 0
1.55013280742 0
1.55141902859 0
1.552706317 0
1.55399467354 0
1.55528409909 0
1.55657459454 0
1.55786616078 0
1.55915879869 0
1.56045250917 0
1.5617472931 0
1.56304315138 0
1.5643400849 0
1.56563809454 0
1.56693718121 0
1.56823734579 0
1.56953858919 0
1.57084091229 0
1.57214431599 0
1.57344880119 0
1.57475436878 0
1.57606101967 0
1.57736875475 0
1.57867757492 0
1.57998748108 0
1.58129847414 0
1.58261055499 0
1.58392372454 0
1.58523798369 0
1.58655333335 0
1.58786977441 0
1.58918730779 0
1.5905059344 0
1.59182565513 0
1.5931464709 0
1.59446838262 0
1.59579139119 0
1.59711549752 0
1.59844070253 0
1.59976700713 0
1.60109441223 0
1.60242291875 0
1.60375252758 0
1.60508323967 0
1.6064150559 0
1.60774797721 0
1.60908200452 0
1.61041713872 0
1.61175338076 0
1.61309073154 0
1.61442919199 0
1.61576876302 0
1.61710944556 0
1.61845124053 0
1.61979414885 0
1.62113817145 0
1.62248330925 0
1.62382956318 0
1.62517693416 0
1.62652542313 0
1.62787503099 0
1.6292257587 0
1.63057760717 0
1.63193057733 0
1.63328467012 0
1.63463988647 0
1.6359962273 0
1.63735369356 0
1.63871228618 0
1.64007200608 0
1.64143285422 0
1.64279483151 0
1.64415793891 0
1.64552217734 0
1.64688754774 0
1.64825405106 0
1.64962168824 0
1.65099046021 0
1.65236036792 0
1.65373141231 0
1.65510359432 0
1.6564769149 0
1.65785137499 0
1.65922697553 0
1.66060371748 0
1.66198160178 0
1.66336062938 0
1.66474080122 0
1.66612211826 0
1.66750458145 0
1.66888819174 0
1.67027295007 0
1.67165885741 0
1.6730459147 0
1.6744341229 0
1.67582348296 0
1.67721399585 0
1.67860566251 0
1.67999848391 0
1.68139246099 0
1.68278759473 0
1.68418388608 0
1.685581336 0
1.68697994546 0
1.68837971541 0
1.68978064681 0
1.69118274064 0
1.69258599785 0
1.69399041942 0
1.6953960063 0
1.69680275947 0
1.69821067989 0
1.69961976853 0
1.70103002636 0
1.70244145435 0
1.70385405347 0
1.70526782469 0
1.70668276899 0
1.70809888734 0
1.70951618071 0
1.71093465007 0
1.71235429642 0
1.71377512071 0
1.71519712393 0
1.71662030705 0
1.71804467106 0
1.71947021694 0
1.72089694565 0
1.7223248582 0
1.72375395556 0
1.7251842387 0
1.72661570863 0
1.72804836631 0
1.72948221274 0
1.73091724891 0
1.73235347579 0
1.73379089438 0
1.73522950567 0
1.73666931064 0
1.73811031029 0
1.73955250561 0
1.74099589759 0
1.74244048722 0
1.7438862755 0
1.74533326342 0
1.74678145198 0
1.74823084217 0
1.74968143499 0
1.75113323143 0
1.75258623251 0
1.75404043921 0
1.75549585254 0
1.75695247349 0
1.75841030308 0
1.7598693423 0
1.76132959215 0
1.76279105364 0
1.76425372779 0
1.76571761558 0
1.76718271803 0
1.76864903615 0
1.77011657095 0
1.77158532343 0
1.77305529461 0
1.77452648549 0
1.7759988971 0
1.77747253043 0
1.77894738652 0
1.78042346636 0
1.78190077098 0
1.78337930139 0
1.78485905861 0
1.78634004365 0
1.78782225755 0
1.7893057013 0
1.79079037595 0
1.7922762825 0
1.79376342198 0
1.79525179541 0
1.79674140382 0
1.79823224823 0
1.79972432967 0
1.80121764916 0
1.80271220773 0
1.80420800641 0
1.80570504623 0
1.80720332821 0
1.80870285339 0
1.81020362281 0
1.81170563748 0
1.81320889845 0
1.81471340675 0
1.81621916341 0
1.81772616947 0
1.81923442597 0
1.82074393395 0
1.82225469443 0
1.82376670847 0
1.8252799771 0
1.82679450137 0
1.8283102823 0
1.82982732096 0
1.83134561838 0
1.8328651756 0
1.83438599368 0
1.83590807365 0
1.83743141657 0
1.83895602347 0
1.84048189542 0
1.84200903347 0
1.84353743865 0
1.84506711202 0
1.84659805464 0
1.84813026756 0
1.84966375183 0
1.85119850851 0
1.85273453865 0
1.85427184331 0
1.85581042354 0
1.85735028041 0
1.85889141498 0
1.8604338283 0
1.86197752144 0
1.86352249545 0
1.86506875141 0
1.86661629037 0
1.8681651134 0
1.86971522156 0
1.87126661593 0
1.87281929756 0
1.87437326753 0
1.8759285269 0
1.87748507675 0
1.87904291814 0
1.88060205215 0
1.88216247985 0
1.88372420232 0
1.88528722062 0
1.88685153584 0
1.88841714904 0
1.88998406131 0
1.89155227372 0
1.89312178736 0
1.8946926033 0
1.89626472262 0
1.89783814641 0
1.89941287574 0
1.90098891171 0
1.90256625538 0
1.90414490786 0
1.90572487022 0
1.90730614356 0
1.90888872895 0
1.9104726275 0
1.91205784028 0
1.91364436839 0
1.91523221292 0
1.91682137496 0
1.91841185561 0
1.92000365596 0
1.9215967771 0
1.92319122014 0
1.92478698616 0
1.92638407626 0
1.92798249155 0
1.92958223313 0
1.93118330209 0
1.93278569953 0
1.93438942656 0
1.93599448428 0
1.9376008738 0
1.93920859622 0
1.94081765264 0
1.94242804418 0
1.94403977193 0
1.94565283702 0
1.94726724055 0
1.94888298362 0
1.95050006736 0
1.95211849287 0
1.95373826127 0
1.95535937367 0
1.95698183118 0
1.95860563493 0
1.96023078603 0
1.96185728559 0
1.96348513474 0
1.9651143346 0
1.96674488628 0
1.96837679092 0
1.97001004962 0
1.97164466352 0
1.97328063374 0
1.9749179614 0
1.97655664764 0
1.97819669357 0
1.97983810033 0
1.98148086904 0
1.98312500084 0
1.98477049686 0
1.98641735822 0
1.98806558607 0
1.98971518153 0
1.99136614575 0
1.99301847985 0
1.99467218497 0
1.99632726225 0
1.99798371283 0
1.99964153785 0
2.00130073844 0
2.00296131576 0
2.00462327094 0
2.00628660513 0
2.00795131946 0
2.00961741509 0
2.01128489316 0
2.01295375482 0
2.01462400122 0
2.0162956335 0
2.01796865282 0
2.01964306032 0
2.02131885716 0
2.02299604449 0
2.02467462347 0
2.02635459524 0
2.02803596097 0
2.02971872182 0
2.03140287893 0
2.03308843347 0
2.03477538659 0
2.03646373947 0
2.03815349325 0
2.0398446491 0
2.04153720819 0
2.04323117168 0
2.04492654073 0
2.04662331652 0
2.0483215002 0
2.05002109295 0
2.05172209593 0
2.05342451032 0
2.05512833729 0
2.056833578 0
2.05854023364 0
2.06024830537 0
2.06195779437 0
2.06366870182 0
2.06538102889 0
2.06709477677 0
2.06880994663 0
2.07052653964 0
2.072244557 0
2.07396399988 0
2.07568486947 0
2.07740716694 0
2.0791308935 0
2.08085605031 0
2.08258263857 0
2.08431065946 0
2.08604011418 0
2.08777100391 0
2.08950332984 0
2.09123709317 0
2.09297229509 0
2.09470893679 0
2.09644701947 0
2.09818654432 0
2.09992751254 0
2.10166992533 0
2.10341378388 0
2.10515908939 0
2.10690584308 0
2.10865404613 0
2.11040369974 0
2.11215480514 0
2.11390736351 0
2.11566137606 0
2.117416844 0
2.11917376854 0
2.12093215089 0
2.12269199226 0
2.12445329385 0
2.12621605688 0
2.12798028256 0
2.1297459721 0
2.13151312672 0
2.13328174764 0
2.13505183607 0
2.13682339323 0
2.13859642034 0
2.14037091861 0
2.14214688927 0
2.14392433355 0
2.14570325265 0
2.14748364781 0
2.14926552025 0
2.1510488712 0
2.15283370189 0
2.15462001353 0
2.15640780737 0
2.15819708462 0
2.15998784653 0
2.16178009432 0
2.16357382922 0
2.16536905248 0
2.16716576532 0
2.16896396898 0
2.17076366469 0
2.17256485371 0
2.17436753725 0
2.17617171658 0
2.17797739292 0
2.17978456751 0
2.18159324161 0
2.18340341646 0
2.18521509329 0
2.18702827336 0
2.18884295792 0
2.19065914821 0
2.19247684548 0
2.19429605099 0
2.19611676597 0
2.1979389917 0
2.19976272941 0
2.20158798037 0
2.20341474583 0
2.20524302705 0
2.20707282528 0
2.20890414178 0
2.21073697782 0
2.21257133465 0
2.21440721353 0
2.21624461574 0
2.21808354253 0
2.21992399516 0
2.22176597491 0
2.22360948304 0
2.22545452082 0
2.22730108952 0
2.2291491904 0
2.23099882475 0
2.23284999383 0
2.23470269891 0
2.23655694128 0
2.2384127222 0
2.24027004295 0
2.24212890481 0
2.24398930906 0
2.24585125698 0
2.24771474985 0
2.24957978895 0
2.25144637557 0
2.25331451098 0
2.25518419648 0
2.25705543334 0
2.25892822287 0
2.26080256634 0
2.26267846504 0
2.26455592027 0
2.26643493331 0
2.26831550547 0
2.27019763803 0
2.27208133228 0
2.27396658953 0
2.27585341107 0
2.2777417982 0
2.27963175221 0
2.28152327441 0
2.2834163661 0
2.28531102858 0
2.28720726316 0
2.28910507113 0
2.29100445381 0
2.2929054125 0
2.29480794851 0
2.29671206315 0
2.29861775772 0
2.30052503354 0
2.30243389192 0
2.30434433418 0
2.30625636162 0
2.30816997557 0
2.31008517733 0
2.31200196823 0
2.31392034959 0
2.31584032272 0
2.31776188895 0
2.31968504959 0
2.32160980598 0
2.32353615943 0
2.32546411127 0
2.32739366283 0
2.32932481543 0
2.3312575704 0
2.33319192907 0
2.33512789278 0
2.33706546285 0
2.33900464062 0
2.34094542741 0
2.34288782458 0
2.34483183344 0
2.34677745535 0
2.34872469163 0
2.35067354363 0
2.35262401269 0
2.35457610015 0
2.35652980735 0
2.35848513564 0
2.36044208636 0
2.36240066085 0
2.36436086048 0
2.36632268657 0
2.36828614049 0
2.37025122358 0
2.3722179372 0
2.3741862827 0
2.37615626143 0
2.37812787475 0
2.38010112401 0
2.38207601058 0
2.3840525358 0
2.38603070105 0
2.38801050767 0
2.38999195704 0
2.39197505051 0
2.39395978945 0
2.39594617523 0
2.39793420921 0
2.39992389276 0
2.40191522725 0
2.40390821404 0
2.40590285452 0
2.40789915004 0
2.40989710199 0
2.41189671174 0
2.41389798066 0
2.41590091013 0
2.41790550154 0
2.41991175624 0
2.42191967564 0
2.42392926111 0
2.42594051403 0
2.42795343578 0
2.42996802775 0
2.43198429133 0
2.4340022279 0
2.43602183885 0
2.43804312558 0
2.44006608946 0
2.44209073189 0
2.44411705427 0
2.44614505799 0
2.44817474445 0
2.45020611503 0
2.45223917114 0
2.45427391418 0
2.45631034554 0
2.45834846663 0
2.46038827885 0
2.46242978361 0
2.4644729823 0
2.46651787633 0
2.46856446711 0
2.47061275604 0
2.47266274454 0
2.47471443402 0
2.47676782589 0
2.47882292155 0
2.48087972243 0
2.48293822994 0
2.48499844549 0
2.4870603705 0
2.4891240064 0
2.49118935459 0
2.4932564165 0
2.49532519356 0
2.49739568718 0
2.49946789879 0
2.50154182982 0
2.50361748169 0
2.50569485583 0
2.50777395367 0
2.50985477664 0
2.51193732617 0
2.5140216037 0
2.51610761065 0
2.51819534846 0
2.52028481857 0
2.52237602242 0
2.52446896144 0
2.52656363707 0
2.52866005076 0
2.53075820395 0
2.53285809808 0
2.53495973459 0
2.53706311494 0
2.53916824056 0
2.5412751129 0
2.54338373343 0
2.54549410358 0
2.5476062248 0
2.54972009856 0
2.5518357263 0
2.55395310948 0
2.55607224956 0
2.55819314799 0
2.56031580624 0
2.56244022576 0
2.56456640801 0
2.56669435446 0
2.56882406658 0
2.57095554582 0
2.57308879365 0
2.57522381154 0
2.57736060097 0
2.57949916339 0
2.58163950028 0
2.58378161311 0
2.58592550336 0
2.5880711725 0
2.59021862201 0
2.59236785336 0
2.59451886803 0
2.59667166751 0
2.59882625327 0
2.60098262679 0
2.60314078957 0
2.60530074307 0
2.6074624888 0
2.60962602823 0
2.61179136286 0
2.61395849417 0
2.61612742366 0
2.61829815281 0
2.62047068313 0
2.6226450161 0
2.62482115322 0
2.62699909599 0
2.6291788459 0
2.63136040446 0
2.63354377316 0
2.63572895352 0
2.63791594702 0
2.64010475518 0
2.6422953795 0
2.64448782149 0
2.64668208266 0
2.64887816451 0
2.65107606856 0
2.65327579631 0
2.65547734929 0
2.65768072901 0
2.65988593698 0
2.66209297472 0
2.66430184374 0
2.66651254557 0
2.66872508173 0
2.67093945374 0
2.67315566312 0
2.6753737114 0
2.67759360011 0
2.67981533076 0
2.68203890489 0
2.68426432403 0
2.68649158971 0
2.68872070346 0
2.69095166682 0
2.69318448132 0
2.69541914849 0
2.69765566987 0
2.69989404701 0
2.70213428143 0
2.70437637469 0
2.70662032833 0
2.70886614388 0
2.7111138229 0
2.71336336692 0
2.7156147775 0
2.71786805619 0
2.72012320454 0
2.72238022409 0
2.7246391164 0
2.72689988302 0
2.72916252551 0
2.73142704543 0
2.73369344433 0
2.73596172378 0
2.73823188533 0
2.74050393054 0
2.74277786097 0
2.7450536782 0
2.74733138379 0
2.7496109793 0
2.7518924663 0
2.75417584637 0
2.75646112107 0
2.75874829197 0
2.76103736065 0
2.76332832868 0
2.76562119764 0
2.7679159691 0
2.77021264465 0
2.77251122587 0
2.77481171433 0
2.77711411162 0
2.77941841932 0
2.78172463901 0
2.78403277229 0
2.78634282074 0
2.78865478596 0
2.79096866952 0
2.79328447302 0
2.79560219807 0
2.79792184624 0
2.80024341913 0
2.80256691835 0
2.8048923455 0
2.80721970216 0
2.80954898994 0
2.81188021045 0
2.81421336529 0
2.81654845606 0
2.81888548436 0
2.82122445182 0
2.82356536003 0
2.82590821061 0
2.82825300516 0
2.83059974531 0
2.83294843266 0
2.83529906883 0
2.83765165544 0
2.84000619411 0
2.84236268645 0
2.8447211341 0
2.84708153866 0
2.84944390176 0
2.85180822503 0
2.8541745101 0
2.85654275859 0
2.85891297213 0
2.86128515235 0
2.86365930089 0
2.86603541938 0
2.86841350944 0
2.87079357273 0
2.87317561087 0
2.8755596255 0
2.87794561827 0
2.88033359081 0
2.88272354478 0
2.8851154818 0
2.88750940353 0
2.88990531161 0
2.8923032077 0
2.89470309344 0
2.89710497048 0
2.89950884048 0
2.90191470508 0
2.90432256595 0
2.90673242474 0
2.90914428311 0
2.91155814271 0
2.91397400522 0
2.91639187228 0
2.91881174556 0
2.92123362674 0
2.92365751746 0
2.92608341941 0
2.92851133424 0
2.93094126364 0
2.93337320927 0
2.9358071728 0
2.93824315591 0
2.94068116028 0
2.94312118757 0
2.94556323948 0
2.94800731768 0
2.95045342385 0
2.95290155967 0
2.95535172683 0
2.95780392702 0
2.96025816192 0
2.96271443321 0
2.9651727426 0
2.96763309176 0
2.9700954824 0
2.9725599162 0
2.97502639486 0
2.97749492008 0
2.97996549356 0
2.982438117 0
2.98491279209 0
2.98738952054 0
2.98986830405 0
2.99234914433 0
2.99483204309 0
2.99731700203 0
2.99980402286 0
3.00229310729 0
3.00478425704 0
3.00727747382 0
3.00977275934 0
3.01227011533 0
3.01476954349 0
3.01727104555 0
3.01977462323 0
3.02228027825 0
3.02478801234 0
3.02729782721 0
3.0298097246 0
3.03232370624 0
3.03483977385 0
3.03735792916 0
3.03987817391 0
3.04240050984 0
3.04492493866 0
3.04745146213 0
3.04998008198 0
3.05251079995 0
3.05504361778 0
3.05757853722 0
3.06011556 0
3.06265468787 0
3.06519592258 0
3.06773926588 0
3.07028471952 0
3.07283228524 0
3.0753819648 0
3.07793375996 0
3.08048767247 0
3.08304370408 0
3.08560185656 0
3.08816213166 0
3.09072453115 0
3.09328905679 0
3.09585571034 0
3.09842449356 0
3.10099540824 0
3.10356845612 0
3.10614363899 0
3.10872095862 0
3.11130041678 0
3.11388201523 0
3.11646575577 0
3.11905164016 0
3.12163967019 0
3.12422984763 0
3.12682217427 0
3.12941665189 0
3.13201328228 0
3.13461206722 0
3.13721300849 0
3.1398161079 0
3.14242136722 0
3.14502878826 0
3.1476383728 0
3.15025012264 0
3.15286403958 0
3.15548012541 0
3.15809838194 0
3.16071881096 0
3.16334141428 0
3.1659661937 0
3.16859315104 0
3.17122228808 0
3.17385360665 0
3.17648710856 0
3.17912279561 0
3.18176066962 0
3.1844007324 0
3.18704298578 0
3.18968743155 0
3.19233407156 0
3.19498290761 0
3.19763394154 0
3.20028717515 0
3.20294261028 0
3.20560024876 0
3.20826009241 0
3.21092214306 0
3.21358640255 0
3.2162528727 0
3.21892155536 0
3.22159245235 0
3.22426556551 0
3.22694089669 0
3.22961844772 0
3.23229822045 0
3.23498021672 0
3.23766443837 0
3.24035088725 0
3.24303956521 0
3.24573047409 0
3.24842361576 0
3.25111899205 0
3.25381660484 0
3.25651645596 0
3.25921854728 0
3.26192288066 0
3.26462945796 0
3.26733828104 0
3.27004935176 0
3.27276267199 0
3.2754782436 0
3.27819606845 0
3.28091614841 0
3.28363848535 0
3.28636308115 0
3.28908993768 0
3.29181905682 0
3.29455044044 0
3.29728409042 0
3.30002000865 0
3.302758197 0
3.30549865737 0
3.30824139162 0
3.31098640166 0
3.31373368937 0
3.31648325663 0
3.31923510535 0
3.32198923741 0
3.32474565471 0
3.32750435914 0
3.33026535261 0
3.33302863701 0
3.33579421424 0
3.3385620862 0
3.34133225481 0
3.34410472195 0
3.34687948955 0
3.34965655952 0
3.35243593375 0
3.35521761416 0
3.35800160268 0
3.3607879012 0
3.36357651165 0
3.36636743595 0
3.36916067602 0
3.37195623377 0
3.37475411113 0
3.37755431003 0
3.3803568324 0
3.38316168015 0
3.38596885522 0
3.38877835955 0
3.39159019506 0
3.39440436368 0
3.39722086736 0
3.40003970803 0
3.40286088763 0
3.4056844081 0
3.40851027139 0
3.41133847943 0
3.41416903417 0
3.41700193757 0
3.41983719156 0
3.4226747981 0
3.42551475915 0
3.42835707664 0
3.43120175255 0
3.43404878883 0
3.43689818743 0
3.43974995032 0
3.44260407945 0
3.4454605768 0
3.44831944432 0
3.45118068398 0
3.45404429776 0
3.45691028761 0
3.45977865552 0
3.46264940345 0
3.46552253339 0
3.4683980473 0
3.47127594716 0
3.47415623496 0
3.47703891268 0
3.47992398229 0
3.48281144579 0
3.48570130516 0
3.48859356238 0
3.49148821946 0
3.49438527837 0
3.49728474111 0
3.50018660968 0
3.50309088608 0
3.50599757229 0
3.50890667032 0
3.51181818218 0
3.51473210986 0
3.51764845537 0
3.52056722071 0
3.52348840789 0
3.52641201893 0
3.52933805583 0
3.53226652061 0
3.53519741528 0
3.53813074185 0
3.54106650235 0
3.54400469879 0
3.5469453332 0
3.5498884076 0
3.55283392401 0
3.55578188446 0
3.55873229098 0
3.56168514559 0
3.56464045034 0
3.56759820724 0
3.57055841834 0
3.57352108567 0
3.57648621128 0
3.57945379719 0
3.58242384545 0
3.58539635811 0
3.58837133721 0
3.59134878479 0
3.59432870291 0
3.59731109361 0
3.60029595895 0
3.60328330098 0
3.60627312175 0
3.60926542332 0
3.61226020775 0
3.6152574771 0
3.61825723344 0
3.62125947881 0
3.6242642153 0
3.62727144496 0
3.63028116987 0
3.6332933921 0
3.63630811372 0
3.63932533679 0
3.64234506341 0
3.64536729564 0
3.64839203556 0
3.65141928526 0
3.65444904682 0
3.65748132232 0
3.66051611384 0
3.66355342349 0
3.66659325333 0
3.66963560547 0
3.672680482 0
3.67572788502 0
3.67877781661 0
3.68183027888 0
3.68488527393 0
3.68794280386 0
3.69100287077 0
3.69406547677 0
3.69713062396 0
3.70019831445 0
3.70326855036 0
3.7063413338 0
3.70941666687 0
3.7124945517 0
3.7155749904 0
3.71865798509 0
3.72174353789 0
3.72483165092 0
3.72792232632 0
3.7310155662 0
3.73411137269 0
3.73720974793 0
3.74031069403 0
3.74341421315 0
3.74652030741 0
3.74962897894 0
3.7527402299 0
3.75585406241 0
3.75897047862 0
3.76208948067 0
3.76521107072 0
3.76833525089 0
3.77146202336 0
3.77459139026 0
3.77772335375 0
3.78085791598 0
3.78399507911 0
3.78713484531 0
3.79027721672 0
3.7934221955 0
3.79656978384 0
3.79971998388 0
3.80287279779 0
3.80602822775 0
3.80918627593 0
3.81234694449 0
3.81551023561 0
3.81867615147 0
3.82184469425 0
3.82501586612 0
3.82818966927 0
3.83136610588 0
3.83454517813 0
3.83772688822 0
3.84091123833 0
3.84409823064 0
3.84728786737 0
3.85048015069 0
3.8536750828 0
3.85687266591 0
3.8600729022 0
3.86327579389 0
3.86648134318 0
3.86968955227 0
3.87290042336 0
3.87611395868 0
3.87933016042 0
3.8825490308 0
3.88577057203 0
3.88899478634 0
3.89222167594 0
3.89545124304 0
3.89868348987 0
3.90191841866 0
3.90515603163 0
3.908396331 0
3.91163931901 0
3.91488499788 0
3.91813336985 0
3.92138443716 0
3.92463820203 0
3.92789466672 0
3.93115383345 0
3.93441570447 0
3.93768028203 0
3.94094756837 0
3.94421756573 0
3.94749027637 0
3.95076570254 0
3.9540438465 0
3.95732471048 0
3.96060829677 0
3.9638946076 0
3.96718364525 0
3.97047541197 0
3.97376991004 0
3.97706714171 0
3.98036710925 0
3.98366981494 0
3.98697526105 0
3.99028344985 0
3.99359438361 0
3.99690806462 0
4.00022449515 0
4.00354367748 0
4.00686561391 0
4.01019030671 0
4.01351775817 0
4.01684797057 0
4.02018094622 0
4.0235166874 0
4.02685519641 0
4.03019647555 0
4.03354052711 0
4.03688735339 0
4.04023695669 0
4.04358933933 0
4.0469445036 0
4.05030245182 0
4.05366318629 0
4.05702670933 0
4.06039302325 0
4.06376213036 0
4.06713403299 0
4.07050873345 0
4.07388623406 0
4.07726653715 0
4.08064964505 0
4.08403556007 0
4.08742428456 0
4.09081582083 0
4.09421017123 0
4.09760733809 0
4.10100732375 0
4.10441013054 0
4.1078157608 0
4.11122421688 0
4.11463550113 0
4.11804961589 0
4.1214665635 0
4.12488634632 0
4.12830896671 0
4.13173442701 0
4.13516272958 0
4.13859387678 0
4.14202787098 0
4.14546471453 0
4.14890440979 0
4.15234695914 0
4.15579236494 0
4.15924062957 0
4.16269175538 0
4.16614574477 0
4.1696026001 0
4.17306232375 0
4.1765249181 0
4.17999038554 0
4.18345872845 0
4.18692994921 0
4.19040405021 0
4.19388103385 0
4.19736090251 0
4.20084365858 0
4.20432930447 0
4.20781784257 0
4.21130927529 0
4.21480360501 0
4.21830083415 0
4.22180096512 0
4.22530400031 0
4.22880994214 0
4.23231879303 0
4.23583055538 0
4.23934523161 0
4.24286282415 0
4.2463833354 0
4.24990676779 0
4.25343312375 0
4.25696240569 0
4.26049461606 0
4.26402975727 0
4.26756783176 0
4.27110884197 0
4.27465279033 0
4.27819967927 0
4.28174951124 0
4.28530228868 0
4.28885801404 0
4.29241668975 0
4.29597831827 0
4.29954290205 0
4.30311044354 0
4.3066809452 0
4.31025440947 0
4.31383083882 0
4.31741023571 0
4.32099260261 0
4.32457794196 0
4.32816625625 0
4.33175754794 0
4.3353518195 0
4.33894907341 0
4.34254931213 0
4.34615253815 0
4.34975875393 0
4.35336796198 0
4.35698016476 0
4.36059536476 0
4.36421356447 0
4.36783476638 0
4.37145897298 0
4.37508618675 0
4.37871641021 0
4.38234964584 0
4.38598589614 0
4.38962516362 0
4.39326745078 0
4.39691276012 0
4.40056109416 0
4.40421245539 0
4.40786684634 0
4.41152426952 0
4.41518472744 0
4.41884822262 0
4.42251475758 0
4.42618433484 0
4.42985695694 0
4.43353262639 0
4.43721134572 0
4.44089311746 0
4.44457794415 0
4.44826582833 0
4.45195677252 0
4.45565077927 0
4.45934785112 0
4.4630479906 0
4.46675120028 0
4.47045748269 0
4.47416684039 0
4.47787927592 0
4.48159479184 0
4.4853133907 0
4.48903507507 0
4.49275984751 0
4.49648771057 0
4.50021866682 0
4.50395271882 0
4.50768986916 0
4.51143012039 0
4.51517347509 0
4.51891993584 0
4.5226695052 0
4.52642218577 0
4.53017798012 0
4.53393689084 0
4.53769892051 0
4.54146407173 0
4.54523234707 0
4.54900374913 0
4.55277828051 0
4.55655594381 0
4.56033674162 0
4.56412067654 0
4.56790775118 0
4.57169796814 0
4.57549133002 0
4.57928783945 0
4.58308749903 0
4.58689031137 0
4.59069627909 0
4.5945054048 0
4.59831769114 0
4.60213314072 0
4.60595175616 0
4.60977354009 0
4.61359849515 0
4.61742662396 0
4.62125792915 0
4.62509241337 0
4.62893007925 0
4.63277092942 0
4.63661496654 0
4.64046219324 0
4.64431261218 0
4.648166226 0
4.65202303735 0
4.65588304888 0
4.65974626326 0
4.66361268313 0
4.66748231116 0
4.67135515001 0
4.67523120235 0
4.67911047084 0
4.68299295814 0
4.68687866694 0
4.6907675999 0
4.6946597597 0
4.69855514901 0
4.70245377052 0
4.70635562691 0
4.71026072085 0
4.71416905505 0
4.71808063218 0
4.72199545494 0
4.72591352602 0
4.72983484811 0
4.73375942392 0
4.73768725614 0
4.74161834748 0
4.74555270064 0
4.74949031832 0
4.75343120323 0
4.75737535809 0
4.76132278561 0
4.76527348851 0
4.76922746949 0
4.77318473129 0
4.77714527662 0
4.78110910821 0
4.78507622878 0
4.78904664107 0
4.79302034781 0
4.79699735172 0
4.80097765555 0
4.80496126204 0
4.80894817391 0
4.81293839392 0
4.81693192482 0
4.82092876934 0
4.82492893024 0
4.82893241027 0
4.83293921218 0
4.83694933873 0
4.84096279269 0
4.8449795768 0
4.84899969383 0
4.85302314655 0
4.85704993773 0
4.86108007013 0
4.86511354654 0
4.86915036971 0
4.87319054244 0
4.87723406749 0
4.88128094766 0
4.88533118572 0
4.88938478446 0
4.89344174667 0
4.89750207514 0
4.90156577266 0
4.90563284204 0
4.90970328606 0
4.91377710753 0
4.91785430924 0
4.92193489402 0
4.92601886465 0
4.93010622395 0
4.93419697474 0
4.93829111982 0
4.94238866201 0
4.94648960414 0
4.95059394902 0
4.95470169947 0
4.95881285833 0
4.96292742842 0
4.96704541256 0
4.9711668136 0
4.97529163437 0
4.97941987771 0
4.98355154645 0
4.98768664344 0
4.99182517152 0
4.99596713354 0
5.00011253235 0
5.0042613708 0
5.00841365175 0
5.01256937804 0
5.01672855255 0
5.02089117813 0
5.02505725764 0
5.02922679395 0
5.03339978993 0
5.03757624845 0
5.04175617238 0
5.0459395646 0
5.05012642799 0
5.05431676542 0
5.05851057978 0
5.06270787395 0
5.06690865083 0
5.07111291329 0
5.07532066424 0
5.07953190656 0
5.08374664316 0
5.08796487693 0
5.09218661078 0
5.0964118476 0
5.10064059032 0
5.10487284183 0
5.10910860504 0
5.11334788287 0
5.11759067825 0
5.12183699407 0
5.12608683328 0
5.13034019878 0
5.13459709351 0
5.13885752039 0
5.14312148236 0
5.14738898234 0
5.15166002328 0
5.15593460812 0
5.16021273978 0
5.16449442122 0
5.16877965538 0
5.17306844521 0
5.17736079366 0
5.18165670368 0
5.18595617823 0
5.19025922026 0
5.19456583274 0
5.19887601863 0
5.20318978088 0
5.20750712248 0
5.21182804639 0
5.21615255558 0
5.22048065303 0
5.22481234171 0
5.2291476246 0
5.2334865047 0
5.23782898497 0
5.24217506842 0
5.24652475802 0
5.25087805677 0
5.25523496767 0
5.25959549371 0
5.26395963789 0
5.26832740322 0
5.27269879269 0
5.27707380932 0
5.28145245612 0
5.2858347361 0
5.29022065227 0
5.29461020764 0
5.29900340525 0
5.30340024811 0
5.30780073924 0
5.31220488168 0
5.31661267845 0
5.32102413259 0
5.32543924712 0
5.32985802509 0
5.33428046954 0
5.33870658351 0
5.34313637004 0
5.34756983218 0
5.35200697299 0
5.3564477955 0
5.36089230279 0
5.3653404979 0
5.36979238389 0
5.37424796383 0
5.37870724079 0
5.38317021783 0
5.38763689802 0
5.39210728443 0
5.39658138014 0
5.40105918823 0
5.40554071177 0
5.41002595385 0
5.41451491756 0
5.41900760598 0
5.42350402221 0
5.42800416933 0
5.43250805045 0
5.43701566865 0
5.44152702705 0
5.44604212874 0
5.45056097684 0
5.45508357444 0
5.45960992467 0
5.46414003063 0
5.46867389544 0
5.47321152222 0
5.47775291409 0
5.48229807418 0
5.48684700561 0
5.49139971151 0
5.49595619501 0
5.50051645925 0
5.50508050737 0
5.5096483425 0
5.51421996779 0
5.51879538638 0
5.52337460141 0
5.52795761605 0
5.53254443344 0
5.53713505674 0
5.5417294891 0
5.54632773369 0
5.55092979366 0
5.55553567219 0
5.56014537245 0
5.56475889759 0
5.56937625081 0
5.57399743527 0
5.57862245416 0
5.58325131064 0
5.58788400792 0
5.59252054918 0
5.5971609376 0
5.60180517637 0
5.6064532687 0
5.61110521778 0
5.61576102681 0
5.62042069899 0
5.62508423754 0
5.62975164564 0
5.63442292653 0
5.6390980834 0
5.64377711949 0
5.648460038 0
5.65314684215 0
5.65783753518 0
5.6625321203 0
5.66723060075 0
5.67193297976 0
5.67663926057 0
5.68134944641 0
5.68606354052 0
5.69078154614 0
5.69550346653 0
5.70022930492 0
5.70495906457 0
5.70969274874 0
5.71443036068 0
5.71917190364 0
5.7239173809 0
5.72866679571 0
5.73342015134 0
5.73817745107 0
5.74293869816 0
5.74770389589 0
5.75247304754 0
5.75724615638 0
5.76202322571 0
5.76680425881 0
5.77158925897 0
5.77637822947 0
5.78117117362 0
5.78596809471 0
5.79076899604 0
5.79557388091 0
5.80038275264 0
5.80519561451 0
5.81001246986 0
5.81483332199 0
5.81965817421 0
5.82448702985 0
5.82931989223 0
5.83415676467 0
5.8389976505 0
5.84384255305 0
5.84869147566 0
5.85354442165 0
5.85840139437 0
5.86326239716 0
5.86812743336 0
5.87299650632 0
5.87786961939 0
5.88274677592 0
5.88762797926 0
5.89251323278 0
5.89740253984 0
5.90229590379 0
5.907193328 0
5.91209481585 0
5.9170003707 0
5.92190999593 0
5.92682369492 0
5.93174147105 0
5.93666332769 0
5.94158926824 0
5.94651929609 0
5.95145341462 0
5.95639162723 0
5.96133393732 0
5.96628034829 0
5.97123086353 0
5.97618548646 0
5.98114422048 0
5.98610706901 0
5.99107403546 0
5.99604512324 0
6.00102033578 0
6.00599967649 0
6.01098314881 0
6.01597075616 0
6.02096250197 0
6.02595838968 0
6.03095842272 0
6.03596260453 0
6.04097093856 0
6.04598342825 0
6.05100007705 0
6.0560208884 0
6.06104586577 0
6.06607501261 0
6.07110833238 0
6.07614582854 0
6.08118750456 0
6.08623336391 0
6.09128341005 0
6.09633764646 0
6.10139607662 0
6.10645870401 0
6.1115255321 0
6.1165965644 0
6.12167180437 0
6.12675125553 0
6.13183492135 0
6.13692280534 0
6.14201491099 0
6.14711124182 0
6.15221180132 0
6.157316593 0
6.16242562038 0
6.16753888698 0
6.17265639629 0
6.17777815186 0
6.1829041572 0
6.18803441584 0
6.1931689313 0
6.19830770712 0
6.20345074684 0
6.20859805399 0
6.21374963211 0
6.21890548475 0
6.22406561546 0
6.22923002777 0
6.23439872525 0
6.23957171146 0
6.24474898994 0
6.24993056427 0
6.255116438 0
6.26030661471 0
6.26550109796 0
6.27069989132 0
6.27590299838 0
6.28111042272 0
6.28632216791 0
6.29153823754 0
6.29675863519 0
6.30198336447 0
6.30721242896 0
6.31244583227 0
6.31768357798 0
6.32292566971 0
6.32817211106 0
6.33342290564 0
6.33867805706 0
6.34393756894 0
6.34920144489 0
6.35446968853 0
6.3597423035 0
6.36501929342 0
6.37030066191 0
6.37558641261 0
6.38087654916 0
6.38617107519 0
6.39146999436 0
6.39677331029 0
6.40208102665 0
6.40739314707 0
6.41270967523 0
6.41803061477 0
6.42335596935 0
6.42868574264 0
6.43401993831 0
6.43935856002 0
6.44470161144 0
6.45004909626 0
6.45540101815 0
6.46075738079 0
6.46611818786 0
6.47148344306 0
6.47685315008 0
6.4822273126 0
6.48760593433 0
6.49298901897 0
6.49837657021 0
6.50376859177 0
6.50916508736 0
6.51456606068 0
6.51997151546 0
6.5253814554 0
6.53079588424 0
6.5362148057 0
6.5416382235 0
6.54706614137 0
6.55249856306 0
6.55793549229 0
6.5633769328 0
6.56882288835 0
6.57427336268 0
6.57972835953 0
6.58518788265 0
6.59065193582 0
6.59612052277 0
6.60159364728 0
6.60707131311 0
6.61255352403 0
6.6180402838 0
6.62353159621 0
6.62902746503 0
6.63452789404 0
6.64003288703 0
6.64554244778 0
6.65105658009 0
6.65657528773 0
6.66209857453 0
6.66762644426 0
6.67315890074 0
6.67869594776 0
6.68423758915 0
6.68978382871 0
6.69533467025 0
6.7008901176 0
6.70645017458 0
6.71201484501 0
6.71758413272 0
6.72315804154 0
6.72873657531 0
6.73431973785 0
6.73990753303 0
6.74549996467 0
6.75109703662 0
6.75669875274 0
6.76230511688 0
6.76791613289 0
6.77353180464 0
6.77915213598 0
6.78477713079 0
6.79040679294 0
6.79604112629 0
6.80168013472 0
6.80732382212 0
6.81297219236 0
6.81862524932 0
6.82428299691 0
6.82994543901 0
6.83561257951 0
6.84128442232 0
6.84696097133 0
6.85264223046 0
6.8583282036 0
6.86401889468 0
6.8697143076 0
6.87541444628 0
6.88111931465 0
6.88682891662 0
6.89254325614 0
6.89826233712 0
6.9039861635 0
6.90971473922 0
6.91544806822 0
6.92118615445 0
6.92692900184 0
6.93267661436 0
6.93842899596 0
6.94418615059 0
6.94994808221 0
6.95571479479 0
6.96148629229 0
6.96726257869 0
6.97304365795 0
6.97882953406 0
6.984620211 0
6.99041569274 0
6.99621598328 0
7.0020210866 0
7.0078310067 0
7.01364574758 0
7.01946531323 0
7.02528970767 0
7.03111893489 0
7.0369529989 0
7.04279190372 0
7.04863565337 0
7.05448425186 0
7.06033770322 0
7.06619601148 0
7.07205918067 0
7.07792721481 0
7.08380011795 0
7.08967789412 0
7.09556054737 0
7.10144808175 0
7.1073405013 0
7.11323781009 0
7.11914001216 0
7.12504711157 0
7.1309591124 0
7.1368760187 0
7.14279783455 0
7.14872456402 0
7.15465621119 0
7.16059278014 0
7.16653427494 0
7.1724806997 0
7.1784320585 0
7.18438835543 0
7.1903495946 0
7.1963157801 0
7.20228691603 0
7.20826300651 0
7.21424405564 0
7.22023006754 0
7.22622104633 0
7.23221699613 0
7.23821792106 0
7.24422382525 0
7.25023471284 0
7.25625058795 0
7.26227145474 0
7.26829731733 0
7.27432817987 0
7.28036404651 0
7.28640492141 0
7.29245080872 0
7.2985017126 0
7.30455763721 0
7.31061858672 0
7.31668456529 0
7.32275557711 0
7.32883162634 0
7.33491271716 0
7.34099885377 0
7.34709004034 0
7.35318628107 0
7.35928758014 0
7.36539394177 0
7.37150537014 0
7.37762186946 0
7.38374344394 0
7.3898700978 0
7.39600183523 0
7.40213866048 0
7.40828057774 0
7.41442759126 0
7.42057970525 0
7.42673692395 0
7.43289925161 0
7.43906669244 0
7.4452392507 0
7.45141693064 0
7.4575997365 0
7.46378767254 0
7.46998074302 0
7.47617895218 0
7.48238230431 0
7.48859080366 0
7.4948044545 0
7.50102326112 0
7.50724722779 0
7.51347635878 0
7.51971065839 0
7.52595013091 0
7.53219478062 0
7.53844461182 0
7.54469962882 0
7.5509598359 0
7.55722523739 0
7.56349583759 0
7.56977164082 0
7.57605265138 0
7.58233887361 0
7.58863031183 0
7.59492697036 0
7.60122885353 0
7.60753596569 0
7.61384831117 0
7.62016589431 0
7.62648871946 0
7.63281679096 0
7.63915011318 0
7.64548869046 0
7.65183252718 0
7.65818162768 0
7.66453599635 0
7.67089563754 0
7.67726055565 0
7.68363075503 0
7.69000624009 0
7.69638701519 0
7.70277308474 0
7.70916445313 0
7.71556112474 0
7.72196310399 0
7.72837039527 0
7.734783003 0
7.74120093158 0
7.74762418543 0
7.75405276897 0
7.76048668662 0
7.76692594281 0
7.77337054196 0
7.77982048851 0
7.7862757869 0
7.79273644157 0
7.79920245696 0
7.80567383752 0
7.8121505877 0
7.81863271196 0
7.82512021476 0
7.83161310055 0
7.83811137381 0
7.844615039 0
7.85112410061 0
7.8576385631 0
7.86415843096 0
7.87068370868 0
7.87721440074 0
7.88375051163 0
7.89029204585 0
7.89683900791 0
7.9033914023 0
7.90994923354 0
7.91651250613 0
7.92308122458 0
7.92965539343 0
7.93623501718 0
7.94282010038 0
7.94941064753 0
7.95600666319 0
7.96260815189 0
7.96921511816 0
7.97582756656 0
7.98244550163 0
7.98906892793 0
7.99569785 0
8.00233227242 0
8.00897219975 0
8.01561763654 0
8.02226858738 0
8.02892505685 0
8.03558704951 0
8.04225456995 0
8.04892762276 0
8.05560621253 0
8.06229034385 0
8.06898002133 0
8.07567524956 0
8.08237603314 0
8.0890823767 0
8.09579428484 0
8.10251176217 0
8.10923481333 0
8.11596344293 0
8.12269765561 0
8.12943745599 0
8.13618284872 0
8.14293383843 0
8.14969042976 0
8.15645262737 0
8.16322043591 0
8.16999386003 0
8.17677290439 0
8.18355757365 0
8.19034787249 0
8.19714380558 0
8.20394537758 0
8.21075259318 0
8.21756545706 0
8.22438397391 0
8.23120814841 0
8.23803798527 0
8.24487348917 0
8.25171466483 0
8.25856151695 0
8.26541405024 0
8.27227226941 0
8.27913617918 0
8.28600578428 0
8.29288108942 0
8.29976209934 0
8.30664881877 0
8.31354125244 0
8.32043940511 0
8.32734328152 0
8.33425288641 0
8.34116822453 0
8.34808930065 0
8.35501611953 0
8.36194868593 0
8.36888700462 0
8.37583108037 0
8.38278091797 0
8.38973652218 0
8.3966978978 0
8.40366504961 0
8.41063798241 0
8.417616701 0
8.42460121017 0
8.43159151473 0
8.43858761948 0
8.44558952925 0
8.45259724885 0
8.45961078309 0
8.46663013681 0
8.47365531483 0
8.48068632199 0
8.48772316311 0
8.49476584305 0
8.50181436664 0
8.50886873874 0
8.5159289642 0
8.52299504788 0
8.53006699463 0
8.53714480932 0
8.54422849682 0
8.551318062 0
8.55841350974 0
8.56551484492 0
8.57262207243 0
8.57973519716 0
8.58685422399 0
8.59397915783 0
8.60111000357 0
8.60824676613 0
8.61538945041 0
8.62253806132 0
8.62969260379 0
8.63685308273 0
8.64401950307 0
8.65119186974 0
8.65837018768 0
8.66555446182 0
8.6727446971 0
8.67994089848 0
8.68714307089 0
8.6943512193 0
8.70156534866 0
8.70878546394 0
8.71601157011 0
8.72324367213 0
8.73048177498 0
8.73772588363 0
8.74497600308 0
8.75223213831 0
8.75949429431 0
8.76676247608 0
8.77403668861 0
8.78131693691 0
8.78860322599 0
8.79589556087 0
8.80319394655 0
8.81049838806 0
8.81780889042 0
8.82512545867 0
8.83244809783 0
8.83977681294 0
8.84711160905 0
8.85445249119 0
8.86179946443 0
8.86915253381 0
8.87651170439 0
8.88387698124 0
8.89124836942 0
8.898625874 0
8.90600950006 0
8.91339925267 0
8.92079513693 0
8.92819715791 0
8.93560532071 0
8.94301963043 0
8.95044009216 0
8.95786671101 0
8.9652994921 0
8.97273844052 0
8.98018356141 0
8.98763485988 0
8.99509234105 0
9.00255601007 0
9.01002587205 0
9.01750193215 0
9.0249841955 0
9.03247266725 0
9.03996735255 0
9.04746825656 0
9.05497538444 0
9.06248874135 0
9.07000833246 0
9.07753416294 0
9.08506623798 0
9.09260456274 0
9.10014914243 0
9.10769998222 0
9.11525708731 0
9.1228204629 0
9.1303901142 0
9.13796604641 0
9.14554826474 0
9.15313677441 0
9.16073158063 0
9.16833268864 0
9.17594010367 0
9.18355383093 0
9.19117387568 0
9.19880024316 0
9.2064329386 0
9.21407196727 0
9.22171733441 0
9.22936904529 0
9.23702710517 0
9.24469151931 0
9.252362293 0
9.2600394315 0
9.2677229401 0
9.27541282409 0
9.28310908875 0
9.29081173937 0
9.29852078126 0
9.30623621973 0
9.31395806007 0
9.3216863076 0
9.32942096763 0
9.3371620455 0
9.34490954651 0
9.35266347601 0
9.36042383932 0
9.36819064178 0
9.37596388874 0
9.38374358555 0
9.39152973755 0
9.3993223501 0
9.40712142857 0
9.41492697831 0
9.4227390047 0
9.43055751311 0
9.43838250892 0
9.44621399752 0
9.45405198428 0
9.46189647461 0
9.46974747389 0
9.47760498753 0
9.48546902094 0
9.49333957952 0
9.50121666869 0
9.50910029387 0
9.51699046047 0
9.52488717394 0
9.53279043969 0
9.54070026317 0
9.54861664982 0
9.55653960509 0
9.56446913442 0
9.57240524326 0
9.58034793709 0
9.58829722136 0
9.59625310154 0
9.6042155831 0
9.61218467152 0
9.62016037229 0
9.62814269089 0
9.63613163281 0
9.64412720354 0
9.65212940859 0
9.66013825347 0
9.66815374367 0
9.67617588472 0
9.68420468213 0
9.69224014143 0
9.70028226815 0
9.70833106781 0
9.71638654595 0
9.72444870812 0
9.73251755987 0
9.74059310673 0
9.74867535427 0
9.75676430804 0
9.76485997362 0
9.77296235657 0
9.78107146247 0
9.78918729688 0
9.7973098654 0
9.80543917362 0
9.81357522712 0
9.8217180315 0
9.82986759237 0
9.83802391532 0
9.84618700598 0
9.85435686995 0
9.86253351286 0
9.87071694034 0
9.878907158 0
9.88710417149 0
9.89530798644 0
9.9035186085 0
9.91173604331 0
9.91996029653 0
9.92819137382 0
9.93642928084 0
9.94467402325 0
9.95292560673 0
9.96118403696 0
9.9694493196 0
9.97772146036 0
9.98600046492 0
9.99428633897 0
10.0025790882 0
10.0108787184 0
10.0191852351 0
10.0274986442 0
10.0358189513 0
10.0441461622 0
10.0524802826 0
10.0608213182 0
10.0691692748 0
10.0775241581 0
10.0858859739 0
10.0942547278 0
10.1026304257 0
10.1110130734 0
10.1194026765 0
10.1277992409 0
10.1362027724 0
10.1446132767 0
10.1530307595 0
10.1614552268 0
10.1698866843 0
10.1783251377 0
10.186770593 0
10.1952230559 0
10.2036825322 0
10.2121490277 0
10.2206225483 0
10.2291030998 0
10.237590688 0
10.2460853188 0
10.254586998 0
10.2630957315 0
10.2716115251 0
10.2801343846 0
10.288664316 0
10.2972013251 0
10.3057454178 0
10.3142965999 0
10.3228548773 0
10.331420256 0
10.3399927418 0
10.3485723406 0
10.3571590583 0
10.3657529008 0
10.3743538741 0
10.382961984 0
10.3915772365 0
10.4001996375 0
10.4088291929 0
10.4174659086 0
10.4261097907 0
10.434760845 0
10.4434190776 0
10.4520844943 0
10.4607571011 0
10.469436904 0
10.478123909 0
10.486818122 0
10.495519549 0
10.504228196 0
10.512944069 0
10.521667174 0
10.530397517 0
10.5391351039 0
10.5478799409 0
10.5566320339 0
10.5653913889 0
10.574158012 0
10.5829319092 0
10.5917130866 0
10.6005015501 0
10.6092973058 0
10.6181003598 0
10.6269107181 0
10.6357283868 0
10.644553372 0
10.6533856797 0
10.6622253159 0
10.6710722869 0
10.6799265986 0
10.6887882572 0
10.6976572687 0
10.7065336393 0
10.7154173751 0
10.7243084821 0
10.7332069665 0
10.7421128344 0
10.7510260919 0
10.7599467453 0
10.7688748005 0
10.7778102637 0
10.7867531412 0
10.795703439 0
10.8046611633 0
10.8136263203 0
10.822598916 0
10.8315789568 0
10.8405664488 0
10.8495613982 0
10.858563811 0
10.8675736937 0
10.8765910522 0
10.885615893 0
10.894648222 0
10.9036880457 0
10.9127353701 0
10.9217902015 0
10.9308525462 0
10.9399224103 0
10.9489998002 0
10.958084722 0
10.967177182 0
10.9762771865 0
10.9853847416 0
10.9944998538 0
11.0036225292 0
11.0127527742 0
11.021890595 0
11.0310359978 0
11.0401889891 0
11.049349575 0
11.058517762 0
11.0676935562 0
11.076876964 0
11.0860679918 0
11.0952666458 0
11.1044729324 0
11.1136868578 0
11.1229084286 0
11.1321376509 0
11.1413745311 0
11.1506190757 0
11.1598712909 0
11.1691311831 0
11.1783987587 0
11.1876740241 0
11.1969569856 0
11.2062476496 0
11.2155460226 0
11.2248521108 0
11.2341659208 0
11.2434874589 0
11.2528167316 0
11.2621537452 0
11.2714985062 0
11.280851021 0
11.290211296 0
11.2995793377 0
11.3089551525 0
11.3183387469 0
11.3277301274 0
11.3371293003 0
11.3465362722 0
11.3559510495 0
11.3653736387 0
11.3748040462 0
11.3842422787 0
11.3936883425 0
11.4031422442 0
11.4126039903 0
11.4220735872 0
11.4315510415 0
11.4410363597 0
11.4505295484 0
11.460030614 0
11.4695395631 0
11.4790564023 0
11.488581138 0
11.4981137769 0
11.5076543255 0
11.5172027903 0
11.526759178 0
11.5363234951 0
11.5458957482 0
11.5554759438 0
11.5650640886 0
11.5746601891 0
11.584264252 0
11.5938762839 0
11.6034962913 0
11.6131242809 0
11.6227602594 0
11.6324042332 0
11.6420562092 0
11.6517161939 0
11.6613841939 0
11.671060216 0
11.6807442667 0
11.6904363527 0
11.7001364808 0
11.7098446575 0
11.7195608896 0
11.7292851837 0
11.7390175465 0
11.7487579848 0
11.7585065052 0
11.7682631144 0
11.7780278191 0
11.7878006261 0
11.797581542 0
11.8073705737 0
11.8171677278 0
11.8269730111 0
11.8367864303 0
11.8466079922 0
11.8564377035 0
11.866275571 0
11.8761216015 0
11.8859758017 0
11.8958381784 0
11.9057087384 0
11.9155874885 0
11.9254744355 0
11.9353695862 0
11.9452729474 0
11.9551845258 0
11.9651043284 0
11.975032362 0
11.9849686333 0
11.9949131492 0
12.0048659166 0
12.0148269422 0
12.0247962331 0
12.0347737959 0
12.0447596376 0
12.0547537651 0
12.0647561851 0
12.0747669047 0
12.0847859307 0
12.0948132699 0
12.1048489293 0
12.1148929158 0
12.1249452362 0
12.1350058976 0
12.1450749068 0
12.1551522707 0
12.1652379964 0
12.1753320906 0
12.1854345604 0
12.1955454128 0
12.2056646546 0
12.2157922928 0
12.2259283344 0
12.2360727864 0
12.2462256558 0
12.2563869494 0
12.2665566745 0
12.2767348378 0
12.2869214464 0
12.2971165074 0
12.3073200277 0
12.3175320144 0
12.3277524744 0
12.3379814149 0
12.3482188429 0
12.3584647653 0
12.3687191893 0
12.3789821218 0
12.38925357 0
12.399533541 0
12.4098220417 0
12.4201190794 0
12.4304246609 0
12.4407387936 0
12.4510614843 0
12.4613927403 0
12.4717325687 0
12.4820809765 0
12.4924379709 0
12.502803559 0
12.513177748 0
12.5235605449 0
12.5339519569 0
12.5443519912 0
12.5547606549 0
12.5651779552 0
12.5756038993 0
12.5860384942 0
12.5964817473 0
12.6069336656 0
12.6173942564 0
12.6278635268 0
12.6383414842 0
12.6488281356 0
12.6593234883 0
12.6698275495 0
12.6803403264 0
12.6908618263 0
12.7013920564 0
12.711931024 0
12.7224787362 0
12.7330352004 0
12.7436004238 0
12.7541744137 0
12.7647571774 0
12.7753487221 0
12.7859490551 0
12.7965581838 0
12.8071761153 0
12.8178028571 0
12.8284384164 0
12.8390828005 0
12.8497360169 0
12.8603980727 0
12.8710689753 0
12.8817487321 0
12.8924373504 0
12.9031348376 0
12.9138412011 0
12.9245564481 0
12.9352805861 0
12.9460136224 0
12.9567555645 0
12.9675064196 0
12.9782661953 0
12.9890348989 0
12.9998125378 0
13.0105991195 0
13.0213946513 0
13.0321991407 0
13.0430125951 0
13.0538350219 0
13.0646664287 0
13.0755068228 0
13.0863562117 0
13.0972146029 0
13.1080820038 0
13.118958422 0
13.1298438648 0
13.1407383398 0
13.1516418545 0
13.1625544164 0
13.173476033 0
13.1844067117 0
13.1953464602 0
13.206295286 0
13.2172531965 0
13.2282201993 0
13.239196302 0
13.2501815121 0
13.2611758371 0
13.2721792847 0
13.2831918624 0
13.2942135778 0
13.3052444384 0
13.3162844519 0
13.3273336258 0
13.3383919678 0
13.3494594854 0
13.3605361862 0
13.371622078 0
13.3827171682 0
13.3938214646 0
13.4049349748 0
13.4160577064 0
13.4271896671 0
13.4383308645 0
13.4494813063 0
13.4606410001 0
13.4718099538 0
13.4829881748 0
13.494175671 0
13.5053724499 0
13.5165785194 0
13.5277938872 0
13.5390185608 0
13.5502525481 0
13.5614958569 0
13.5727484947 0
13.5840104694 0
13.5952817887 0
13.6065624604 0
13.6178524922 0
13.6291518919 0
13.6404606672 0
13.6517788261 0
13.6631063761 0
13.6744433252 0
13.685789681 0
13.6971454516 0
13.7085106445 0
13.7198852677 0
13.731269329 0
13.7426628362 0
13.7540657972 0
13.7654782197 0
13.7769001117 0
13.788331481 0
13.7997723355 0
13.811222683 0
13.8226825314 0
13.8341518886 0
13.8456307626 0
13.8571191611 0
13.868617092 0
13.8801245634 0
13.8916415831 0
13.903168159 0
13.9147042991 0
13.9262500113 0
13.9378053035 0
13.9493701838 0
13.9609446599 0
13.97252874 0
13.984122432 0
13.9957257438 0
14.0073386835 0
14.018961259 0
14.0305934783 0
14.0422353494 0
14.0538868803 0
14.0655480791 0
14.0772189538 0
14.0888995124 0
14.1005897629 0
14.1122897133 0
14.1239993718 0
14.1357187464 0
14.1474478451 0
14.159186676 0
14.1709352473 0
14.1826935668 0
14.1944616428 0
14.2062394834 0
14.2180270966 0
14.2298244906 0
14.2416316735 0
14.2534486533 0
14.2652754383 0
14.2771120366 0
14.2889584562 0
14.3008147054 0
14.3126807924 0
14.3245567252 0
14.336442512 0
14.3483381611 0
14.3602436805 0
14.3721590786 0
14.3840843634 0
14.3960195433 0
14.4079646263 0
14.4199196208 0
14.4318845349 0
14.4438593769 0
14.455844155 0
14.4678388774 0
14.4798435525 0
14.4918581884 0
14.5038827935 0
14.5159173759 0
14.5279619441 0
14.5400165062 0
14.5520810706 0
14.5641556455 0
14.5762402393 0
14.5883348603 0
14.6004395168 0
14.6125542171 0
14.6246789696 0
14.6368137826 0
14.6489586644 0
14.6611136234 0
14.673278668 0
14.6854538065 0
14.6976390474 0
14.7098343989 0
14.7220398695 0
14.7342554676 0
14.7464812016 0
14.7587170798 0
14.7709631108 0
14.7832193029 0
14.7954856646 0
14.8077622042 0
14.8200489303 0
14.8323458513 0
14.8446529757 0
14.8569703119 0
14.8692978684 0
14.8816356537 0
14.8939836762 0
14.9063419445 0
14.918710467 0
14.9310892523 0
14.943478309 0
14.9558776454 0
14.9682872701 0
14.9807071917 0
14.9931374188 0
15.0055779598 0
15.0180288233 0
15.030490018 0
15.0429615523 0
15.0554434348 0
15.0679356742 0
15.080438279 0
15.0929512578 0
15.1054746192 0
15.1180083719 0
15.1305525245 0
15.1431070855 0
15.1556720637 0
15.1682474677 0
15.1808333061 0
15.1934295876 0
15.2060363208 0
15.2186535145 0
15.2312811773 0
15.2439193178 0
15.2565679449 0
15.2692270671 0
15.2818966932 0
15.294576832 0
15.307267492 0
15.3199686822 0
15.3326804111 0
15.3454026876 0
15.3581355203 0
15.3708789182 0
15.3836328898 0
15.3963974441 0
15.4091725897 0
15.4219583355 0
15.4347546902 0
15.4475616627 0
15.4603792618 0
15.4732074963 0
15.4860463749 0
15.4988959067 0
15.5117561003 0
15.5246269646 0
15.5375085086 0
15.550400741 0
15.5633036707 0
15.5762173066 0
15.5891416575 0
15.6020767325 0
15.6150225403 0
15.6279790899 0
15.6409463901 0
15.65392445 0
15.6669132784 0
15.6799128843 0
15.6929232766 0
15.7059444642 0
15.7189764561 0
15.7320192614 0
15.7450728889 0
15.7581373476 0
15.7712126466 0
15.7842987947 0
15.7973958011 0
15.8105036747 0
15.8236224246 0
15.8367520597 0
15.8498925891 0
15.8630440219 0
15.8762063671 0
15.8893796337 0
15.9025638308 0
15.9157589674 0
15.9289650528 0
15.9421820958 0
15.9554101057 0
15.9686490916 0
15.9818990624 0
15.9951600274 0
16.0084319957 0
16.0217149764 0
16.0350089786 0
16.0483140116 0
16.0616300843 0
16.0749572061 0
16.088295386 0
16.1016446332 0
16.115004957 0
16.1283763665 0
16.1417588709 0
16.1551524794 0
16.1685572013 0
16.1819730457 0
16.1954000219 0
16.2088381391 0
16.2222874066 0
16.2357478336 0
16.2492194294 0
16.2627022032 0
16.2761961644 0
16.2897013221 0
16.3032176858 0
16.3167452646 0
16.3302840679 0
16.343834105 0
16.3573953853 0
16.370967918 0
16.3845517125 0
16.3981467782 0
16.4117531243 0
16.4253707603 0
16.4389996955 0
16.4526399393 0
16.4662915011 0
16.4799543903 0
16.4936286162 0
16.5073141883 0
16.521011116 0
16.5347194087 0
16.5484390759 0
16.5621701269 0
16.5759125713 0
16.5896664184 0
16.6034316778 0
16.6172083589 0
16.6309964711 0
16.6447960241 0
16.6586070272 0
16.67242949 0
16.6862634219 0
16.7001088326 0
16.7139657314 0
16.727834128 0
16.7417140319 0
16.7556054527 0
16.7695083998 0
16.7834228829 0
16.7973489115 0
16.8112864952 0
16.8252356436 0
16.8391963663 0
16.8531686729 0
16.8671525731 0
16.8811480763 0
16.8951551923 0
16.9091739307 0
16.9232043011 0
16.9372463132 0
16.9512999767 0
16.9653653011 0
16.9794422963 0
16.9935309718 0
17.0076313374 0
17.0217434028 0
17.0358671776 0
17.0500026716 0
17.0641498945 0
17.0783088561 0
17.0924795661 0
17.1066620342 0
17.1208562701 0
17.1350622838 0
17.1492800848 0
17.1635096831 0
17.1777510884 0
17.1920043104 0
17.2062693591 0
17.2205462441 0
17.2348349754 0
17.2491355628 0
17.263448016 0
17.277772345 0
17.2921085596 0
17.3064566697 0
17.320816685 0
17.3351886156 0
17.3495724713 0
17.363968262 0
17.3783759976 0
17.3927956879 0
17.407227343 0
17.4216709728 0
17.4361265871 0
17.450594196 0
17.4650738093 0
17.4795654371 0
17.4940690893 0
17.5085847759 0
17.5231125069 0
17.5376522923 0
17.552204142 0
17.5667680661 0
17.5813440746 0
17.5959321775 0
17.6105323849 0
17.6251447069 0
17.6397691533 0
17.6544057344 0
17.6690544602 0
17.6837153407 0
17.6983883861 0
17.7130736065 0
17.7277710118 0
17.7424806124 0
17.7572024182 0
17.7719364394 0
17.7866826862 0
17.8014411686 0
17.8162118969 0
17.8309948812 0
17.8457901316 0
17.8605976584 0
17.8754174718 0
17.8902495818 0
17.9050939988 0
17.9199507329 0
17.9348197944 0
17.9497011934 0
17.9645949403 0
17.9795010453 0
17.9944195186 0
18.0093503705 0
18.0242936112 0
18.0392492511 0
18.0542173004 0
18.0691977694 0
18.0841906685 0
18.0991960079 0
18.1142137979 0
18.129244049 0
18.1442867714 0
18.1593419755 0
18.1744096716 0
18.1894898701 0
18.2045825815 0
18.2196878159 0
18.234805584 0
18.2499358959 0
18.2650787623 0
18.2802341934 0
18.2954021997 0
18.3105827917 0
18.3257759797 0
18.3409817743 0
18.3562001859 0
18.3714312249 0
18.3866749019 0
18.4019312273 0
18.4172002116 0
18.4324818653 0
18.447776199 0
18.4630832231 0
18.4784029483 0
18.4937353849 0
18.5090805437 0
18.524438435 0
18.5398090696 0
18.5551924579 0
18.5705886106 0
18.5859975382 0
18.6014192513 0
18.6168537606 0
18.6323010767 0
18.6477612102 0
18.6632341717 0
18.6787199719 0
18.6942186214 0
18.7097301309 0
18.725254511 0
18.7407917725 0
18.756341926 0
18.7719049823 0
18.787480952 0
18.8030698458 0
18.8186716745 0
18.8342864488 0
18.8499141794 0
18.8655548771 0
18.8812085527 0
18.8968752169 0
18.9125548805 0
18.9282475543 0
18.9439532491 0
18.9596719757 0
18.9754037448 0
18.9911485674 0
19.0069064542 0
19.0226774161 0
19.038461464 0
19.0542586086 0
19.070068861 0
19.0858922318 0
19.1017287321 0
19.1175783727 0
19.1334411645 0
19.1493171185 0
19.1652062455 0
19.1811085566 0
19.1970240625 0
19.2129527743 0
19.228894703 0
19.2448498594 0
19.2608182546 0
19.2767998996 0
19.2927948053 0
19.3088029828 0
19.3248244431 0
19.3408591972 0
19.356907256 0
19.3729686308 0
19.3890433324 0
19.405131372 0
19.4212327607 0
19.4373475094 0
19.4534756294 0
19.4696171317 0
19.4857720273 0
19.5019403275 0
19.5181220432 0
19.5343171858 0
19.5505257662 0
19.5667477957 0
19.5829832855 0
19.5992322466 0
19.6154946902 0
19.6317706276 0
19.64806007 0
19.6643630285 0
19.6806795143 0
19.6970095388 0
19.7133531131 0
19.7297102484 0
19.7460809561 0
19.7624652473 0
19.7788631334 0
19.7952746256 0
19.8116997352 0
19.8281384736 0
19.8445908519 0
19.8610568817 0
19.877536574 0
19.8940299404 0
19.9105369922 0
19.9270577407 0
19.9435921972 0
19.9601403732 0
19.97670228 0
19.9932779291 0
20.0098673317 0
20.0264704995 0
20.0430874436 0
20.0597181757 0
20.0763627071 0
20.0930210493 0
20.1096932137 0
20.1263792119 0
20.1430790552 0
20.1597927552 0
20.1765203234 0
20.1932617713 0
20.2100171104 0
20.2267863522 0
20.2435695082 0
20.2603665901 0
20.2771776093 0
20.2940025775 0
20.3108415061 0
20.3276944069 0
20.3445612913 0
20.361442171 0
20.3783370576 0
20.3952459627 0
20.412168898 0
20.429105875 0
20.4460569055 0
20.4630220011 0
20.4800011734 0
20.4969944343 0
20.5140017952 0
20.531023268 0
20.5480588643 0
20.5651085959 0
20.5821724746 0
20.5992505119 0
20.6163427197 0
20.6334491098 0
20.6505696939 0
20.6677044838 0
20.6848534912 0
20.702016728 0
20.719194206 0
20.736385937 0
20.7535919328 0
20.7708122053 0
20.7880467663 0
20.8052956276 0
20.8225588012 0
20.8398362988 0
20.8571281325 0
20.874434314 0
20.8917548553 0
20.9090897684 0
20.926439065 0
20.9438027572 0
20.9611808569 0
20.9785733761 0
20.9959803267 0
21.0134017207 0
21.0308375701 0
21.0482878869 0
21.065752683 0
21.0832319706 0
21.1007257616 0
21.118234068 0
21.1357569019 0
21.1532942754 0
21.1708462005 0
21.1884126893 0
21.2059937538 0
21.2235894063 0
21.2411996587 0
21.2588245232 0
21.2764640119 0
21.294118137 0
21.3117869105 0
21.3294703447 0
21.3471684518 0
21.3648812438 0
21.3826087329 0
21.4003509315 0
21.4181078516 0
21.4358795055 0
21.4536659054 0
21.4714670636 0
21.4892829922 0
21.5071137036 0
21.5249592101 0
21.5428195238 0
21.5606946571 0
21.5785846222 0
21.5964894316 0
21.6144090974 0
21.6323436321 0
21.6502930479 0
21.6682573572 0
21.6862365725 0
21.7042307059 0
21.72223977 0
21.740263777 0
21.7583027395 0
21.7763566698 0
21.7944255803 0
21.8125094834 0
21.8306083917 0
21.8487223175 0
21.8668512733 0
21.8849952717 0
21.9031543249 0
21.9213284457 0
21.9395176464 0
21.9577219395 0
21.9759413377 0
21.9941758534 0
22.0124254991 0
22.0306902875 0
22.0489702311 0
22.0672653424 0
22.0855756341 0
22.1039011188 0
22.122241809 0
22.1405977173 0
22.1589688565 0
22.1773552391 0
22.1957568777 0
22.2141737852 0
22.232605974 0
22.2510534569 0
22.2695162466 0
22.2879943558 0
22.3064877972 0
22.3249965834 0
22.3435207274 0
22.3620602417 0
22.3806151392 0
22.3991854325 0
22.4177711346 0
22.4363722581 0
22.4549888159 0
22.4736208208 0
22.4922682855 0
22.510931223 0
22.529609646 0
22.5483035674 0
22.5670130001 0
22.5857379569 0
22.6044784508 0
22.6232344945 0
22.6420061011 0
22.6607932833 0
22.6795960542 0
22.6984144267 0
22.7172484138 0
22.7360980283 0
22.7549632832 0
22.7738441916 0
22.7927407664 0
22.8116530206 0
22.8305809672 0
22.8495246193 0
22.8684839899 0
22.8874590919 0
22.9064499386 0
22.9254565429 0
22.9444789179 0
22.9635170767 0
22.9825710323 0
23.001640798 0
23.0207263868 0
23.0398278119 0
23.0589450863 0
23.0780782233 0
23.097227236 0
23.1163921376 0
23.1355729412 0
23.15476966 0
23.1739823074 0
23.1932108964 0
23.2124554403 0
23.2317159523 0
23.2509924458 0
23.2702849339 0
23.2895934299 0
23.3089179471 0
23.3282584988 0
23.3476150983 0
23.366987759 0
23.3863764941 0
23.4057813169 0
23.4252022409 0
23.4446392794 0
23.4640924458 0
23.4835617534 0
23.5030472156 0
23.5225488459 0
23.5420666577 0
23.5616006643 0
23.5811508792 0
23.600717316 0
23.6202999879 0
23.6398989086 0
23.6595140914 0
23.6791455499 0
23.6987932977 0
23.7184573481 0
23.7381377147 0
23.7578344111 0
23.7775474508 0
23.7972768474 0
23.8170226144 0
23.8367847655 0
23.8565633142 0
23.8763582741 0
23.8961696589 0
23.9159974821 0
23.9358417575 0
23.9557024986 0
23.9755797192 0
23.9954734328 0
24.0153836533 0
24.0353103942 0
24.0552536694 0
24.0752134924 0
24.0951898771 0
24.1151828372 0
24.1351923864 0
24.1552185385 0
24.1752613073 0
24.1953207066 0
24.2153967501 0
24.2354894517 0
24.2555988252 0
24.2757248845 0
24.2958676433 0
24.3160271156 0
24.3362033151 0
24.3563962559 0
24.3766059517 0
24.3968324165 0
24.4170756641 0
24.4373357086 0
24.4576125639 0
24.4779062438 0
24.4982167624 0
24.5185441337 0
24.5388883715 0
24.55924949 0
24.5796275031 0
24.6000224248 0
24.6204342692 0
24.6408630503 0
24.6613087821 0
24.6817714788 0
24.7022511544 0
24.722747823 0
24.7432614986 0
24.7637921955 0
24.7843399277 0
24.8049047093 0
24.8254865546 0
24.8460854776 0
24.8667014926 0
24.8873346137 0
24.9079848551 0
24.928652231 0
24.9493367556 0
24.9700384432 0
24.990757308 0
25.0114933643 0
25.0322466263 0
25.0530171083 0
25.0738048246 0
25.0946097894 0
25.1154320172 0
25.1362715222 0
25.1571283187 0
25.1780024212 0
25.1988938439 0
25.2198026013 0
25.2407287076 0
25.2616721774 0
25.282633025 0
25.3036112649 0
25.3246069114 0
25.3456199791 0
25.3666504823 0
25.3876984356 0
25.4087638534 0
25.4298467501 0
25.4509471405 0
25.4720650388 0
25.4932004597 0
25.5143534177 0
25.5355239273 0
25.5567120031 0
25.5779176597 0
25.5991409117 0
25.6203817737 0
25.6416402603 0
25.662916386 0
25.6842101656 0
25.7055216137 0
25.726850745 0
25.748197574 0
25.7695621156 0
25.7909443844 0
25.8123443951 0
25.8337621625 0
25.8551977012 0
25.876651026 0
25.8981221517 0
25.9196110931 0
25.9411178649 0
25.9626424819 0
25.9841849589 0
26.0057453108 0
26.0273235524 0
26.0489196985 0
26.0705337639 0
26.0921657637 0
26.1138157125 0
26.1354836254 0
26.1571695172 0
26.1788734029 0
26.2005952973 0
26.2223352154 0
26.2440931723 0
26.2658691827 0
26.2876632618 0
26.3094754245 0
26.3313056859 0
26.3531540608 0
26.3750205645 0
26.3969052118 0
26.4188080179 0
26.4407289979 0
26.4626681667 0
26.4846255396 0
26.5066011315 0
26.5285949577 0
26.5506070333 0
26.5726373733 0
26.594685993 0
26.6167529075 0
26.6388381321 0
26.6609416818 0
26.6830635719 0
26.7052038176 0
26.7273624342 0
26.7495394368 0
26.7717348409 0
26.7939486615 0
26.816180914 0
26.8384316137 0
26.8607007759 0
26.8829884159 0
26.9052945491 0
26.9276191908 0
26.9499623563 0
26.972324061 0
26.9947043203 0
27.0171031497 0
27.0395205644 0
27.06195658 0
27.0844112118 0
27.1068844753 0
27.129376386 0
27.1518869594 0
27.1744162109 0
27.196964156 0
27.2195308102 0
27.2421161891 0
27.2647203082 0
27.287343183 0
27.3099848291 0
27.3326452622 0
27.3553244977 0
27.3780225512 0
27.4007394385 0
27.4234751751 0
27.4462297766 0
27.4690032587 0
27.4917956371 0
27.5146069275 0
27.5374371455 0
27.5602863068 0
27.5831544273 0
27.6060415225 0
27.6289476083 0
27.6518727004 0
27.6748168145 0
27.6977799665 0
27.7207621722 0
27.7437634473 0
27.7667838077 0
27.7898232692 0
27.8128818477 0
27.835959559 0
27.8590564191 0
27.8821724437 0
27.9053076488 0
27.9284620504 0
27.9516356643 0
27.9748285064 0
27.9980405929 0
28.0212719395 0
28.0445225623 0
28.0677924773 0
28.0910817004 0
28.1143902478 0
28.1377181354 0
28.1610653794 0
28.1844319956 0
28.2078180003 0
28.2312234095 0
28.2546482394 0
28.2780925059 0
28.3015562253 0
28.3250394138 0
28.3485420873 0
28.3720642622 0
28.3956059546 0
28.4191671807 0
28.4427479567 0
28.4663482988 0
28.4899682233 0
28.5136077463 0
28.5372668843 0
28.5609456534 0
28.5846440699 0
28.6083621502 0
28.6320999105 0
28.6558573672 0
28.6796345367 0
28.7034314352 0
28.7272480792 0
28.751084485 0
28.774940669 0
28.7988166477 0
28.8227124375 0
28.8466280547 0
28.870563516 0
28.8945188376 0
28.9184940362 0
28.9424891281 0
28.96650413 0
28.9905390583 0
29.0145939295 0
29.0386687602 0
29.0627635671 0
29.0868783665 0
29.1110131752 0
29.1351680097 0
29.1593428867 0
29.1835378227 0
29.2077528345 0
29.2319879387 0
29.2562431519 0
29.2805184908 0
29.3048139722 0
29.3291296128 0
29.3534654292 0
29.3778214382 0
29.4021976566 0
29.4265941012 0
29.4510107887 0
29.4754477359 0
29.4999049596 0
29.5243824767 0
29.548880304 0
29.5733984583 0
29.5979369566 0
29.6224958156 0
29.6470750524 0
29.6716746837 0
29.6962947266 0
29.7209351979 0
29.7455961146 0
29.7702774937 0
29.7949793521 0
29.8197017069 0
29.844444575 0
29.8692079735 0
29.8939919195 0
29.9187964298 0
29.9436215217 0
29.9684672122 0
29.9933335183 0
30.0182204573 0
30.0431280462 0
30.0680563021 0
30.0930052422 0
30.1179748837 0
30.1429652437 0
30.1679763394 0
30.1930081881 0
30.2180608069 0
30.2431342131 0
30.2682284239 0
30.2933434566 0
30.3184793286 0
30.3436360569 0
30.3688136591 0
30.3940121523 0
30.419231554 0
30.4444718814 0
30.469733152 0
30.495015383 0
30.520318592 0
30.5456427963 0
30.5709880134 0
30.5963542606 0
30.6217415554 0
30.6471499153 0
30.6725793578 0
30.6980299003 0
30.7235015604 0
30.7489943556 0
30.7745083033 0
30.8000434213 0
30.825599727 0
30.851177238 0
30.876775972 0
30.9023959464 0
30.928037179 0
30.9536996874 0
30.9793834893 0
31.0050886022 0
31.030815044 0
31.0565628322 0
31.0823319846 0
31.108122519 0
31.133934453 0
31.1597678045 0
31.1856225911 0
31.2114988308 0
31.2373965412 0
31.2633157402 0
31.2892564457 0
31.3152186754 0
31.3412024473 0
31.3672077792 0
31.3932346889 0
31.4192831945 0
31.4453533138 0
31.4714450647 0
31.4975584653 0
31.5236935334 0
31.5498502871 0
31.5760287443 0
31.6022289231 0
31.6284508414 0
31.6546945173 0
31.680959969 0
31.7072472143 0
31.7335562715 0
31.7598871585 0
31.7862398936 0
31.8126144949 0
31.8390109804 0
31.8654293685 0
31.8918696771 0
31.9183319246 0
31.9448161291 0
31.9713223088 0
31.997850482 0
32.0244006669 0
32.0509728818 0
32.077567145 0
32.1041834748 0
32.1308218894 0
32.1574824072 0
32.1841650466 0
32.2108698259 0
32.2375967634 0
32.2643458776 0
32.2911171868 0
32.3179107095 0
32.3447264641 0
32.371564469 0
32.3984247428 0
32.4253073038 0
32.4522121706 0
32.4791393617 0
32.5060888956 0
32.5330607909 0
32.560055066 0
32.5870717397 0
32.6141108304 0
32.6411723567 0
32.6682563373 0
32.6953627909 0
32.7224917359 0
32.7496431912 0
32.7768171754 0
32.8040137072 0
32.8312328053 0
32.8584744884 0
32.8857387752 0
32.9130256846 0
32.9403352353 0
32.967667446 0
32.9950223356 0
33.0223999229 0
33.0498002267 0
33.0772232659 0
33.1046690594 0
33.1321376259 0
33.1596289845 0
33.187143154 0
33.2146801533 0
33.2422400015 0
33.2698227174 0
33.2974283201 0
33.3250568284 0
33.3527082615 0
33.3803826384 0
33.408079978 0
33.4358002994 0
33.4635436218 0
33.4913099642 0
33.5190993457 0
33.5469117853 0
33.5747473024 0
33.6026059159 0
33.6304876451 0
33.6583925091 0
33.6863205271 0
33.7142717184 0
33.7422461022 0
33.7702436977 0
33.7982645241 0
33.8263086008 0
33.8543759471 0
33.8824665822 0
33.9105805255 0
33.9387177963 0
33.966878414 0
33.9950623979 0
34.0232697674 0
34.051500542 0
34.0797547411 0
34.108032384 0
34.1363334903 0
34.1646580794 0
34.1930061708 0
34.221377784 0
34.2497729385 0
34.2781916539 0
34.3066339497 0
34.3350998454 0
34.3635893607 0
34.3921025152 0
34.4206393284 0
34.44919982 0
34.4777840096 0
34.5063919169 0
34.5350235616 0
34.5636789634 0
34.592358142 0
34.6210611171 0
34.6497879085 0
34.6785385359 0
34.7073130191 0
34.7361113779 0
34.7649336321 0
34.7937798016 0
34.8226499061 0
34.8515439656 0
34.8804619999 0
34.9094040289 0
34.9383700725 0
34.9673601507 0
34.9963742833 0
35.0254124904 0
35.054474792 0
35.0835612079 0
35.1126717583 0
35.1418064631 0
35.1709653424 0
35.2001484163 0
35.2293557048 0
35.258587228 0
35.287843006 0
35.317123059 0
35.3464274071 0
35.3757560704 0
35.4051090692 0
35.4344864236 0
35.4638881538 0
35.4933142801 0
35.5227648227 0
35.5522398018 0
35.5817392378 0
35.6112631509 0
35.6408115614 0
35.6703844897 0
35.6999819561 0
35.729603981 0
35.7592505847 0
35.7889217877 0
35.8186176103 0
35.848338073 0
35.8780831962 0
35.9078530004 0
35.9376475061 0
35.9674667337 0
35.9973107039 0
36.027179437 0
36.0570729536 0
36.0869912744 0
36.1169344199 0
36.1469024107 0
36.1768952674 0
36.2069130106 0
36.236955661 0
36.2670232393 0
36.2971157661 0
36.3272332622 0
36.3573757482 0
36.387543245 0
36.4177357731 0
36.4479533535 0
36.4781960069 0
36.5084637542 0
36.538756616 0
36.5690746133 0
36.599417767 0
36.6297860979 0
36.6601796268 0
36.6905983748 0
36.7210423626 0
36.7515116114 0
36.782006142 0
36.8125259753 0
36.8430711325 0
36.8736416345 0
36.9042375024 0
36.9348587571 0
36.9655054198 0
36.9961775115 0
37.0268750534 0
37.0575980665 0
37.088346572 0
37.1191205911 0
37.1499201448 0
37.1807452545 0
37.2115959412 0
37.2424722263 0
37.273374131 0
37.3043016765 0
37.3352548841 0
37.3662337751 0
37.3972383707 0
37.4282686925 0
37.4593247616 0
37.4904065994 0
37.5215142274 0
37.5526476668 0
37.5838069393 0
37.6149920661 0
37.6462030687 0
37.6774399686 0
37.7087027874 0
37.7399915464 0
37.7713062672 0
37.8026469714 0
37.8340136805 0
37.8654064161 0
37.8968251998 0
37.9282700532 0
37.9597409979 0
37.9912380556 0
38.022761248 0
38.0543105967 0
38.0858861235 0
38.11748785 0
38.149115798 0
38.1807699893 0
38.2124504456 0
38.2441571887 0
38.2758902405 0
38.3076496227 0
38.3394353573 0
38.371247466 0
38.4030859708 0
38.4349508936 0
38.4668422562 0
38.4987600807 0
38.530704389 0
38.562675203 0
38.5946725448 0
38.6266964364 0
38.6587468997 0
38.6908239569 0
38.72292763 0
38.755057941 0
38.7872149122 0
38.8193985656 0
38.8516089233 0
38.8838460076 0
38.9161098405 0
38.9484004443 0
38.9807178413 0
39.0130620535 0
39.0454331033 0
39.077831013 0
39.1102558048 0
39.1427075011 0
39.1751861241 0
39.2076916962 0
39.2402242398 0
39.2727837772 0
39.3053703309 0
39.3379839232 0
39.3706245766 0
39.4032923136 0
39.4359871566 0
39.4687091281 0
39.5014582507 0
39.5342345468 0
39.567038039 0
39.5998687498 0
39.6327267019 0
39.6656119179 0
39.6985244203 0
39.7314642319 0
39.7644313752 0
39.797425873 0
39.8304477479 0
39.8634970227 0
39.8965737201 0
39.9296778629 0
39.9628094738 0
39.9959685756 0
40.0291551911 0
40.0623693432 0
40.0956110548 0
40.1288803486 0
40.1621772475 0
40.1955017745 0
40.2288539526 0
40.2622338045 0
40.2956413534 0
40.3290766221 0
40.3625396337 0
40.3960304113 0
40.4295489777 0
40.4630953562 0
40.4966695697 0
40.5302716414 0
40.5639015944 0
40.5975594518 0
40.6312452368 0
40.6649589725 0
40.6987006822 0
40.732470389 0
40.7662681162 0
40.8000938871 0
40.8339477248 0
40.8678296527 0
40.9017396941 0
40.9356778724 0
40.9696442108 0
41.0036387327 0
41.0376614616 0
41.0717124208 0
41.1057916337 0
41.1398991239 0
41.1740349146 0
41.2081990296 0
41.2423914922 0
41.2766123259 0
41.3108615543 0
41.345139201 0
41.3794452896 0
41.4137798436 0
41.4481428866 0
41.4825344424 0
41.5169545345 0
41.5514031866 0
41.5858804225 0
41.6203862658 0
41.6549207404 0
41.6894838698 0
41.724075678 0
41.7586961887 0
41.7933454258 0
41.828023413 0
41.8627301742 0
41.8974657334 0
41.9322301143 0
41.967023341 0
42.0018454373 0
42.0366964272 0
42.0715763347 0
42.1064851837 0
42.1414229983 0
42.1763898026 0
42.2113856205 0
42.2464104761 0
42.2814643936 0
42.3165473971 0
42.3516595106 0
42.3868007584 0
42.4219711646 0
42.4571707534 0
42.492399549 0
42.5276575757 0
42.5629448577 0
42.5982614193 0
42.6336072848 0
42.6689824784 0
42.7043870247 0
42.7398209477 0
42.7752842721 0
42.8107770221 0
42.8462992222 0
42.8818508968 0
42.9174320703 0
42.9530427673 0
42.9886830123 0
43.0243528297 0
43.0600522441 0
43.09578128 0
43.1315399621 0
43.1673283149 0
43.2031463631 0
43.2389941313 0
43.2748716441 0
43.3107789262 0
43.3467160024 0
43.3826828973 0
43.4186796357 0
43.4547062424 0
43.4907627421 0
43.5268491597 0
43.5629655199 0
43.5991118477 0
43.6352881678 0
43.6714945052 0
43.7077308848 0
43.7439973314 0
43.7802938702 0
43.8166205259 0
43.8529773236 0
43.8893642884 0
43.9257814452 0
43.9622288191 0
43.9987064352 0
44.0352143185 0
44.0717524942 0
44.1083209875 0
44.1449198234 0
44.1815490272 0
44.218208624 0
44.254898639 0
44.2916190976 0
44.3283700249 0
44.3651514463 0
44.4019633871 0
44.4388058725 0
44.4756789279 0
44.5125825787 0
44.5495168502 0
44.586481768 0
44.6234773573 0
44.6605036437 0
44.6975606527 0
44.7346484096 0
44.7717669401 0
44.8089162696 0
44.8460964238 0
44.8833074281 0
44.9205493083 0
44.9578220898 0
44.9951257985 0
45.0324604598 0
45.0698260995 0
45.1072227433 0
45.144650417 0
45.1821091462 0
45.2195989568 0
45.2571198745 0
45.2946719252 0
45.3322551346 0
45.3698695287 0
45.4075151333 0
45.4451919742 0
45.4829000775 0
45.5206394691 0
45.5584101749 0
45.5962122209 0
45.6340456331 0
45.6719104375 0
45.7098066602 0
45.7477343273 0
45.7856934648 0
45.8236840989 0
45.8617062556 0
45.8997599612 0
45.9378452419 0
45.9759621237 0
46.014110633 0
46.052290796 0
46.090502639 0
46.1287461882 0
46.1670214699 0
46.2053285105 0
46.2436673363 0
46.2820379738 0
46.3204404492 0
46.3588747891 0
46.3973410198 0
46.4358391678 0
46.4743692597 0
46.5129313218 0
46.5515253808 0
46.5901514631 0
46.6288095954 0
46.6674998043 0
46.7062221163 0
46.7449765581 0
46.7837631564 0
46.8225819378 0
46.861432929 0
46.9003161569 0
46.939231648 0
46.9781794293 0
47.0171595274 0
47.0561719692 0
47.0952167816 0
47.1342939913 0
47.1734036254 0
47.2125457106 0
47.2517202739 0
47.2909273423 0
47.3301669427 0
47.3694391021 0
47.4087438476 0
47.4480812061 0
47.4874512048 0
47.5268538706 0
47.5662892308 0
47.6057573125 0
47.6452581428 0
47.6847917488 0
47.7243581578 0
47.763957397 0
47.8035894936 0
47.8432544749 0
47.8829523682 0
47.9226832008 0
47.962447 0
48.0022437932 0
48.0420736077 0
48.081936471 0
48.1218324104 0
48.1617614535 0
48.2017236276 0
48.2417189604 0
48.2817474792 0
48.3218092116 0
48.3619041852 0
48.4020324276 0
48.4421939664 0
48.4823888291 0
48.5226170435 0
48.5628786372 0
48.603173638 0
48.6435020734 0
48.6838639714 0
48.7242593596 0
48.7646882658 0
48.8051507179 0
48.8456467436 0
48.8861763709 0
48.9267396276 0
48.9673365417 0
49.007967141 0
49.0486314534 0
49.0893295071 0
49.1300613299 0
49.1708269499 0
49.2116263952 0
49.2524596937 0
49.2933268737 0
49.3342279631 0
49.3751629902 0
49.4161319831 0
49.4571349699 0
49.498171979 0
49.5392430384 0
49.5803481766 0
49.6214874217 0
49.662660802 0
49.7038683459 0
49.7451100817 0
49.7863860378 0
49.8276962426 0
49.8690407245 0
49.910419512 0
49.9518326334 0
49.9932801174 0
50.0347619923 0
50.0762782868 0
50.1178290294 0
50.1594142487 0
50.2010339733 0
50.2426882318 0
50.2843770529 0
50.3261004653 0
50.3678584976 0
50.4096511786 0
50.451478537 0
50.4933406016 0
50.5352374013 0
50.5771689648 0
50.6191353209 0
50.6611364986 0
50.7031725267 0
50.7452434342 0
50.78734925 0
50.829490003 0
50.8716657223 0
50.9138764369 0
50.9561221757 0
50.9984029679 0
51.0407188426 0
51.0830698288 0
51.1254559557 0
51.1678772524 0
51.2103337482 0
51.2528254722 0
51.2953524537 0
51.3379147219 0
51.380512306 0
51.4231452355 0
51.4658135397 0
51.5085172478 0
51.5512563893 0
51.5940309935 0
51.6368410899 0
51.679686708 0
51.7225678771 0
51.7654846269 0
51.8084369868 0
51.8514249864 0
51.8944486552 0
51.9375080229 0
51.980603119 0
52.0237339733 0
52.0669006153 0
52.1101030749 0
52.1533413816 0
52.1966155652 0
52.2399256556 0
52.2832716825 0
52.3266536757 0
52.3700716651 0
52.4135256805 0
52.4570157518 0
52.500541909 0
52.5441041819 0
52.5877026006 0
52.6313371951 0
52.6750079953 0
52.7187150313 0
52.7624583332 0
52.8062379311 0
52.850053855 0
52.8939061352 0
52.9377948017 0
52.9817198848 0
53.0256814147 0
53.0696794217 0
53.1137139359 0
53.1577849878 0
53.2018926075 0
53.2460368255 0
53.2902176722 0
53.3344351778 0
53.3786893729 0
53.4229802878 0
53.4673079531 0
53.5116723993 0
53.5560736567 0
53.6005117561 0
53.644986728 0
53.6894986029 0
53.7340474115 0
53.7786331844 0
53.8232559524 0
53.867915746 0
53.9126125961 0
53.9573465333 0
54.0021175884 0
54.0469257923 0
54.0917711758 0
54.1366537697 0
54.1815736048 0
54.2265307122 0
54.2715251227 0
54.3165568672 0
54.3616259768 0
54.4067324824 0
54.4518764151 0
54.497057806 0
54.542276686 0
54.5875330864 0
54.6328270382 0
54.6781585727 0
54.7235277209 0
54.7689345142 0
54.8143789837 0
54.8598611606 0
54.9053810764 0
54.9509387623 0
54.9965342497 0
55.0421675698 0
55.0878387541 0
55.1335478341 0
55.1792948411 0
55.2250798067 0
55.2709027623 0
55.3167637395 0
55.3626627697 0
55.4085998846 0
55.4545751158 0
55.5005884949 0
55.5466400536 0
55.5927298235 0
55.6388578363 0
55.6850241238 0
55.7312287178 0
55.7774716499 0
55.8237529521 0
55.8700726562 0
55.9164307939 0
55.9628273973 0
56.0092624983 0
56.0557361287 0
56.1022483205 0
56.1487991058 0
56.1953885166 0
56.2420165849 0
56.2886833428 0
56.3353888224 0
56.3821330558 0
56.4289160752 0
56.4757379127 0
56.5225986007 0
56.5694981712 0
56.6164366566 0
56.6634140892 0
56.7104305012 0
56.7574859251 0
56.8045803932 0
56.8517139378 0
56.8988865915 0
56.9460983866 0
56.9933493557 0
57.0406395312 0
57.0879689457 0
57.1353376317 0
57.1827456219 0
57.2301929487 0
57.277679645 0
57.3252057433 0
57.3727712763 0
57.4203762768 0
57.4680207775 0
57.5157048111 0
57.5634284106 0
57.6111916086 0
57.6589944381 0
57.706836932 0
57.7547191231 0
57.8026410444 0
57.8506027289 0
57.8986042096 0
57.9466455194 0
57.9947266915 0
58.0428477589 0
58.0910087547 0
58.139209712 0
58.187450664 0
58.2357316439 0
58.2840526849 0
58.3324138202 0
58.3808150831 0
58.429256507 0
58.477738125 0
58.5262599707 0
58.5748220773 0
58.6234244782 0
58.6720672069 0
58.7207502969 0
58.7694737817 0
58.8182376947 0
58.8670420695 0
58.9158869397 0
58.9647723389 0
59.0136983007 0
59.0626648587 0
59.1116720468 0
59.1607198984 0
59.2098084475 0
59.2589377278 0
59.308107773 0
59.3573186171 0
59.4065702937 0
59.4558628369 0
59.5051962806 0
59.5545706586 0
59.603986005 0
59.6534423537 0
59.7029397388 0
59.7524781942 0
59.8020577542 0
59.8516784527 0
59.901340324 0
59.9510434021 0
60.0007877214 0
60.0505733159 0
60.10040022 0
60.1502684679 0
60.2001780939 0
60.2501291324 0
60.3001216178 0
60.3501555843 0
60.4002310665 0
60.4503480987 0
60.5005067156 0
60.5507069514 0
60.6009488409 0
60.6512324186 0
60.7015577189 0
60.7519247767 0
60.8023336265 0
60.8527843029 0
60.9032768408 0
60.9538112748 0
61.0043876397 0
61.0550059702 0
61.1056663013 0
61.1563686678 0
61.2071131045 0
61.2578996463 0
61.3087283282 0
61.3595991852 0
61.4105122522 0
61.4614675643 0
61.5124651565 0
61.5635050639 0
61.6145873216 0
61.6657119648 0
61.7168790285 0
61.7680885482 0
61.8193405588 0
61.8706350958 0
61.9219721943 0
61.9733518898 0
62.0247742175 0
62.0762392128 0
62.1277469112 0
62.179297348 0
62.2308905588 0
62.282526579 0
62.3342054441 0
62.3859271897 0
62.4376918513 0
62.4894994647 0
62.5413500653 0
62.593243689 0
62.6451803713 0
62.697160148 0
62.7491830549 0
62.8012491278 0
62.8533584024 0
62.9055109147 0
62.9577067004 0
63.0099457955 0
63.062228236 0
63.1145540578 0
63.1669232969 0
63.2193359893 0
63.2717921711 0
63.3242918784 0
63.3768351472 0
63.4294220138 0
63.4820525142 0
63.5347266848 0
63.5874445617 0
63.6402061812 0
63.6930115797 0
63.7458607933 0
63.7987538585 0
63.8516908117 0
63.9046716893 0
63.9576965277 0
64.0107653635 0
64.063878233 0
64.1170351729 0
64.1702362197 0
64.22348141 0
64.2767707805 0
64.3301043678 0
64.3834822085 0
64.4369043395 0
64.4903707974 0
64.5438816191 0
64.5974368413 0
64.6510365009 0
64.7046806348 0
64.7583692799 0
64.812102473 0
64.8658802512 0
64.9197026515 0
64.9735697109 0
65.0274814664 0
65.0814379551 0
65.1354392141 0
65.1894852807 0
65.2435761919 0
65.297711985 0
65.3518926973 0
65.4061183659 0
65.4603890282 0
65.5147047215 0
65.5690654833 0
65.6234713508 0
65.6779223616 0
65.732418553 0
65.7869599625 0
65.8415466278 0
65.8961785863 0
65.9508558756 0
66.0055785333 0
66.0603465971 0
66.1151601047 0
66.1700190937 0
66.2249236019 0
66.279873667 0
66.3348693269 0
66.3899106194 0
66.4449975824 0
66.5001302537 0
66.5553086713 0
66.6105328732 0
66.6658028972 0
66.7211187816 0
66.7764805642 0
66.8318882832 0
66.8873419767 0
66.9428416828 0
66.9983874398 0
67.0539792858 0
67.1096172591 0
67.165301398 0
67.2210317407 0
67.2768083256 0
67.332631191 0
67.3885003755 0
67.4444159173 0
67.500377855 0
67.5563862271 0
67.612441072 0
67.6685424284 0
67.7246903349 0
67.78088483 0
67.8371259525 0
67.8934137409 0
67.9497482342 0
68.0061294708 0
68.0625574898 0
68.1190323299 0
68.1755540299 0
68.2321226287 0
68.2887381653 0
68.3454006786 0
68.4021102075 0
68.4588667911 0
68.5156704684 0
68.5725212785 0
68.6294192605 0
68.6863644536 0
68.7433568969 0
68.8003966296 0
68.8574836909 0
68.9146181202 0
68.9717999567 0
69.0290292399 0
69.0863060089 0
69.1436303033 0
69.2010021625 0
69.2584216259 0
69.315888733 0
69.3734035235 0
69.4309660367 0
69.4885763124 0
69.5462343902 0
69.6039403097 0
69.6616941107 0
69.7194958328 0
69.7773455158 0
69.8352431995 0
69.8931889238 0
69.9511827285 0
70.0092246535 0
70.0673147387 0
70.1254530241 0
70.1836395497 0
70.2418743556 0
70.3001574817 0
70.3584889681 0
70.4168688551 0
70.4752971827 0
70.5337739911 0
70.5922993206 0
70.6508732115 0
70.709495704 0
70.7681668384 0
70.8268866552 0
70.8856551946 0
70.9444724972 0
71.0033386034 0
71.0622535537 0
71.1212173887 0
71.1802301488 0
71.2392918746 0
71.2984026069 0
71.3575623863 0
71.4167712534 0
71.4760292491 0
71.535336414 0
71.5946927889 0
71.6540984148 0
71.7135533324 0
71.7730575827 0
71.8326112065 0
71.8922142449 0
71.9518667389 0
72.0115687295 0
72.0713202578 0
72.1311213648 0
72.1909720917 0
72.2508724797 0
72.31082257 0
72.3708224039 0
72.4308720225 0
72.4909714673 0
72.5511207795 0
72.6113200005 0
72.6715691718 0
72.7318683347 0
72.7922175309 0
72.8526168017 0
72.9130661888 0
72.9735657336 0
73.034115478 0
73.0947154634 0
73.1553657316 0
73.2160663243 0
73.2768172832 0
73.3376186502 0
73.3984704671 0
73.4593727757 0
73.5203256179 0
73.5813290357 0
73.642383071 0
73.7034877659 0
73.7646431623 0
73.8258493023 0
73.8871062281 0
73.9484139817 0
74.0097726054 0
74.0711821414 0
74.1326426318 0
74.194154119 0
74.2557166454 0
74.3173302532 0
74.3789949848 0
74.4407108826 0
74.5024779892 0
74.5642963469 0
74.6261659984 0
74.6880869862 0
74.7500593528 0
74.812083141 0
74.8741583933 0
74.9362851525 0
74.9984634613 0
75.0606933625 0
75.122974899 0
75.1853081134 0
75.2476930488 0
75.310129748 0
75.372618254 0
75.4351586098 0
75.4977508584 0
75.5603950428 0
75.6230912062 0
75.6858393917 0
75.7486396424 0
75.8114920016 0
75.8743965124 0
75.9373532182 0
76.0003621623 0
76.063423388 0
76.1265369386 0
76.1897028577 0
76.2529211886 0
76.3161919749 0
76.3795152601 0
76.4428910877 0
76.5063195013 0
76.5698005446 0
76.6333342612 0
76.6969206948 0
76.7605598892 0
76.8242518882 0
76.8879967356 0
76.9517944752 0
77.0156451509 0
77.0795488066 0
77.1435054864 0
77.2075152341 0
77.2715780938 0
77.3356941097 0
77.3998633257 0
77.4640857861 0
77.528361535 0
77.5926906167 0
77.6570730753 0
77.7215089552 0
77.7859983008 0
77.8505411563 0
77.9151375661 0
77.9797875748 0
78.0444912268 0
78.1092485665 0
78.1740596386 0
78.2389244877 0
78.3038431582 0
78.368815695 0
78.4338421426 0
78.4989225459 0
78.5640569496 0
78.6292453985 0
78.6944879375 0
78.7597846114 0
78.8251354651 0
78.8905405437 0
78.955999892 0
79.0215135552 0
79.0870815782 0
79.1527040063 0
79.2183808845 0
79.2841122581 0
79.3498981722 0
79.415738672 0
79.481633803 0
79.5475836104 0
79.6135881396 0
79.6796474359 0
79.745761545 0
79.8119305121 0
79.8781543828 0
79.9444332028 0
80.0107670175 0
80.0771558727 0
80.1435998139 0
80.210098887 0
80.2766531376 0
80.3432626115 0
80.4099273545 0
80.4766474126 0
80.5434228315 0
80.6102536573 0
80.6771399359 0
80.7440817133 0
80.8110790356 0
80.8781319489 0
80.9452404993 0
81.0124047329 0
81.0796246959 0
81.1469004347 0
81.2142319954 0
81.2816194245 0
81.3490627682 0
81.4165620729 0
81.4841173851 0
81.5517287513 0
81.6193962179 0
81.6871198316 0
81.7548996388 0
81.8227356863 0
81.8906280207 0
81.9585766887 0
82.026581737 0
82.0946432124 0
82.1627611618 0
82.230935632 0
82.2991666698 0
82.3674543223 0
82.4357986365 0
82.5041996592 0
82.5726574377 0
82.6411720189 0
82.70974345 0
82.7783717782 0
82.8470570507 0
82.9157993147 0
82.9845986175 0
83.0534550065 0
83.122368529 0
83.1913392325 0
83.2603671643 0
83.329452372 0
83.398594903 0
83.4677948051 0
83.5370521256 0
83.6063669124 0
83.675739213 0
83.7451690752 0
83.8146565468 0
83.8842016756 0
83.9538045093 0
84.0234650959 0
84.0931834834 0
84.1629597196 0
84.2327938525 0
84.3026859303 0
84.3726360009 0
84.4426441126 0
84.5127103134 0
84.5828346516 0
84.6530171754 0
84.723257933 0
84.7935569729 0
84.8639143433 0
84.9343300926 0
85.0048042694 0
85.0753369221 0
85.1459280991 0
85.2165778491 0
85.2872862207 0
85.3580532625 0
85.4288790231 0
85.4997635514 0
85.570706896 0
85.6417091058 0
85.7127702296 0
85.7838903163 0
85.8550694148 0
85.9263075741 0
85.9976048433 0
86.0689612712 0
86.1403769071 0
86.2118518 0
86.2833859992 0
86.3549795537 0
86.426632513 0
86.4983449262 0
86.5701168428 0
86.641948312 0
86.7138393833 0
86.7857901061 0
86.85780053 0
86.9298707045 0
87.0020006791 0
87.0741905035 0
87.1464402274 0
87.2187499003 0
87.2911195722 0
87.3635492927 0
87.4360391117 0
87.5085890791 0
87.5811992447 0
87.6538696586 0
87.7266003706 0
87.7993914309 0
87.8722428895 0
87.9451547965 0
88.0181272021 0
88.0911601565 0
88.1642537099 0
88.2374079126 0
88.310622815 0
88.3838984673 0
88.45723492 0
88.5306322236 0
88.6040904285 0
88.6776095853 0
88.7511897446 0
88.8248309569 0
88.8985332729 0
88.9722967434 0
89.046121419 0
89.1200073506 0
89.1939545889 0
89.2679631849 0
89.3420331895 0
89.4161646535 0
89.4903576281 0
89.5646121643 0
89.638928313 0
89.7133061255 0
89.787745653 0
89.8622469465 0
89.9368100574 0
90.011435037 0
90.0861219366 0
90.1608708076 0
90.2356817014 0
90.3105546694 0
90.3854897633 0
90.4604870344 0
90.5355465345 0
90.6106683151 0
90.6858524279 0
90.7610989246 0
90.8364078571 0
90.9117792771 0
90.9872132364 0
91.062709787 0
91.1382689808 0
91.2138908698 0
91.2895755059 0
91.3653229413 0
91.4411332281 0
91.5170064183 0
91.5929425643 0
91.6689417182 0
91.7450039324 0
91.821129259 0
91.8973177506 0
91.9735694596 0
92.0498844383 0
92.1262627392 0
92.202704415 0
92.2792095182 0
92.3557781015 0
92.4324102174 0
92.5091059188 0
92.5858652584 0
92.6626882889 0
92.7395750633 0
92.8165256344 0
92.8935400551 0
92.9706183785 0
93.0477606576 0
93.1249669454 0
93.202237295 0
93.2795717597 0
93.3569703925 0
93.4344332467 0
93.5119603757 0
93.5895518328 0
93.6672076713 0
93.7449279446 0
93.8227127063 0
93.9005620098 0
93.9784759087 0
94.0564544565 0
94.134497707 0
94.2126057138 0
94.2907785306 0
94.3690162113 0
94.4473188095 0
94.5256863793 0
94.6041189745 0
94.6826166491 0
94.7611794571 0
94.8398074524 0
94.9185006893 0
94.9972592218 0
95.0760831041 0
95.1549723904 0
95.2339271351 0
95.3129473923 0
95.3920332166 0
95.4711846622 0
95.5504017837 0
95.6296846355 0
95.7090332722 0
95.7884477483 0
95.8679281185 0
95.9474744375 0
96.0270867599 0
96.1067651406 0
96.1865096344 0
96.266320296 0
96.3461971805 0
96.4261403428 0
96.5061498378 0
96.5862257206 0
96.6663680463 0
96.74657687 0
96.8268522469 0
96.9071942322 0
96.9876028812 0
97.0680782492 0
97.1486203916 0
97.2292293637 0
97.309905221 0
97.3906480191 0
97.4714578134 0
97.5523346595 0
97.6332786132 0
97.71428973 0
97.7953680657 0
97.876513676 0
97.9577266169 0
98.0390069441 0
98.1203547136 0
98.2017699813 0
98.2832528033 0
98.3648032355 0
98.4464213341 0
98.5281071553 0
98.6098607552 0
98.6916821901 0
98.7735715162 0
98.8555287899 0
98.9375540676 0
99.0196474057 0
99.1018088606 0
99.184038489 0
99.2663363472 0
99.3487024921 0
99.4311369802 0
99.5136398682 0
99.5962112129 0
99.6788510711 0
99.7615594996 0
99.8443365554 0
99.9271822953 0
100.010096776 0
100.093080056 0
100.17613219 0
100.259253237 0
100.342443254 0
100.425702298 0
100.509030425 0
100.592427694 0
100.675894162 0
100.759429886 0
100.843034924 0
100.926709333 0
101.010453171 0
101.094266495 0
101.178149363 0
101.262101833 0
101.346123962 0
101.430215808 0
101.51437743 0
101.598608885 0
101.68291023 0
101.767281525 0
101.851722827 0
101.936234194 0
102.020815683 0
102.105467355 0
102.190189266 0
102.274981475 0
102.35984404 0
102.44477702 0
102.529780473 0
102.614854457 0
102.699999031 0
102.785214255 0
102.870500185 0
102.955856881 0
103.041284402 0
103.126782806 0
103.212352153 0
103.2979925 0
103.383703908 0
103.469486434 0
103.555340139 0
103.64126508 0
103.727261318 0
103.813328911 0
103.899467919 0
103.9856784 0
104.071960414 0
104.158314021 0
104.244739279 0
104.331236249 0
104.41780499 0
104.50444556 0
104.591158021 0
104.677942432 0
104.764798851 0
104.85172734 0
104.938727958 0
105.025800764 0
105.112945819 0
105.200163182 0
105.287452914 0
105.374815074 0
105.462249723 0
105.549756921 0
105.637336728 0
105.724989204 0
105.81271441 0
105.900512405 0
105.988383251 0
106.076327008 0
106.164343736 0
106.252433495 0
106.340596347 0
106.428832353 0
106.517141571 0
106.605524065 0
106.693979893 0
106.782509118 0
106.8711118 0
106.959788 0
107.048537779 0
107.137361197 0
107.226258317 0
107.3152292 0
107.404273905 0
107.493392496 0
107.582585033 0
107.671851577 0
107.761192189 0
107.850606932 0
107.940095867 0
108.029659056 0
108.119296559 0
108.209008439 0
108.298794757 0
108.388655575 0
108.478590956 0
108.56860096 0
108.658685649 0
108.748845087 0
108.839079334 0
108.929388453 0
109.019772506 0
109.110231555 0
109.200765662 0
109.29137489 0
109.3820593 0
109.472818956 0
109.56365392 0
109.654564254 0
109.745550021 0
109.836611283 0
109.927748103 0
110.018960544 0
110.110248668 0
110.201612538 0
110.293052218 0
110.384567769 0
110.476159256 0
110.56782674 0
110.659570285 0
110.751389955 0
110.843285812 0
110.935257919 0
111.02730634 0
111.119431138 0
111.211632377 0
111.303910119 0
111.396264429 0
111.48869537 0
111.581203005 0
111.673787398 0
111.766448613 0
111.859186714 0
111.952001764 0
112.044893827 0
112.137862968 0
112.230909249 0
112.324032736 0
112.417233491 0
112.51051158 0
112.603867066 0
112.697300014 0
112.790810488 0
112.884398552 0
112.97806427 0
113.071807708 0
113.165628929 0
113.259527998 0
113.35350498 0
113.447559939 0
113.54169294 0
113.635904048 0
113.730193328 0
113.824560844 0
113.919006661 0
114.013530844 0
114.108133459 0
114.202814571 0
114.297574244 0
114.392412543 0
114.487329535 0
114.582325284 0
114.677399856 0
114.772553315 0
114.867785728 0
114.963097161 0
115.058487677 0
115.153957344 0
115.249506227 0
115.345134391 0
115.440841903 0
115.536628828 0
115.632495232 0
115.728441181 0
115.824466741 0
115.920571978 0
116.016756959 0
116.113021749 0
116.209366414 0
116.305791021 0
116.402295637 0
116.498880327 0
116.595545158 0
116.692290197 0
116.78911551 0
116.886021164 0
116.983007225 0
117.08007376 0
117.177220836 0
117.274448519 0
117.371756877 0
117.469145977 0
117.566615885 0
117.664166669 0
117.761798396 0
117.859511132 0
117.957304945 0
118.055179903 0
118.153136072 0
118.25117352 0
118.349292315 0
118.447492524 0
118.545774214 0
118.644137454 0
118.74258231 0
118.841108851 0
118.939717144 0
119.038407257 0
119.137179258 0
119.236033215 0
119.334969197 0
119.43398727 0
119.533087503 0
119.632269965 0
119.731534723 0
119.830881846 0
119.930311402 0
120.02982346 0
120.129418088 0
120.229095354 0
120.328855328 0
120.428698077 0
120.528623671 0
120.628632178 0
120.728723666 0
120.828898206 0
120.929155865 0
121.029496713 0
121.129920819 0
121.230428252 0
121.33101908 0
121.431693374 0
121.532451202 0
121.633292633 0
121.734217738 0
121.835226585 0
121.936319245 0
122.037495786 0
122.138756278 0
122.24010079 0
122.341529394 0
122.443042157 0
122.544639151 0
122.646320445 0
122.748086108 0
122.849936212 0
122.951870825 0
123.053890019 0
123.155993863 0
123.258182428 0
123.360455783 0
123.462814 0
123.565257148 0
123.667785299 0
123.770398522 0
123.873096888 0
123.975880469 0
124.078749333 0
124.181703553 0
124.2847432 0
124.387868343 0
124.491079054 0
124.594375404 0
124.697757465 0
124.801225306 0
124.904779 0
125.008418618 0
125.11214423 0
125.215955908 0
125.319853724 0
125.42383775 0
125.527908056 0
125.632064714 0
125.736307796 0
125.840637373 0
125.945053518 0
126.049556302 0
126.154145798 0
126.258822076 0
126.363585209 0
126.46843527 0
126.573372329 0
126.67839646 0
126.783507735 0
126.888706226 0
126.993992005 0
127.099365145 0
127.204825718 0
127.310373797 0
127.416009454 0
127.521732762 0
127.627543795 0
127.733442623 0
127.839429322 0
127.945503962 0
128.051666618 0
128.157917362 0
128.264256268 0
128.370683409 0
128.477198857 0
128.583802686 0
128.69049497 0
128.797275781 0
128.904145194 0
129.011103281 0
129.118150117 0
129.225285775 0
129.332510329 0
129.439823852 0
129.547226418 0
129.654718102 0
129.762298977 0
129.869969117 0
129.977728596 0
130.085577488 0
130.193515868 0
130.301543809 0
130.409661387 0
130.517868675 0
130.626165748 0
130.734552681 0
130.843029547 0
130.951596422 0
131.06025338 0
131.169000496 0
131.277837845 0
131.386765502 0
131.495783541 0
131.604892038 0
131.714091068 0
131.823380705 0
131.932761026 0
132.042232104 0
132.151794016 0
132.261446837 0
132.371190642 0
132.481025508 0
132.590951508 0
132.70096872 0
132.811077218 0
132.921277078 0
133.031568377 0
133.14195119 0
133.252425593 0
133.362991662 0
133.473649473 0
133.584399102 0
133.695240626 0
133.80617412 0
133.917199661 0
134.028317326 0
134.13952719 0
134.250829331 0
134.362223824 0
134.473710747 0
134.585290176 0
134.696962188 0
134.80872686 0
134.920584268 0
135.03253449 0
135.144577603 0
135.256713683 0
135.368942808 0
135.481265055 0
135.593680501 0
135.706189224 0
135.818791301 0
135.931486809 0
136.044275827 0
136.157158431 0
136.270134699 0
136.383204709 0
136.496368539 0
136.609626266 0
136.722977969 0
136.836423725 0
136.949963613 0
137.063597711 0
137.177326096 0
137.291148847 0
137.405066043 0
137.519077761 0
137.63318408 0
137.747385079 0
137.861680837 0
137.976071431 0
138.09055694 0
138.205137444 0
138.31981302 0
138.434583749 0
138.549449709 0
138.664410978 0
138.779467637 0
138.894619763 0
139.009867437 0
139.125210738 0
139.240649744 0
139.356184536 0
139.471815193 0
139.587541795 0
139.70336442 0
139.819283149 0
139.935298062 0
140.051409237 0
140.167616756 0
140.283920698 0
140.400321143 0
140.516818172 0
140.633411863 0
140.750102298 0
140.866889557 0
140.98377372 0
141.100754867 0
141.21783308 0
141.335008438 0
141.452281022 0
141.569650913 0
141.687118191 0
141.804682938 0
141.922345234 0
142.04010516 0
142.157962798 0
142.275918227 0
142.393971531 0
142.512122788 0
142.630372082 0
142.748719493 0
142.867165102 0
142.985708992 0
143.104351243 0
143.223091937 0
143.341931157 0
143.460868983 0
143.579905498 0
143.699040783 0
143.818274921 0
143.937607993 0
144.057040081 0
144.176571268 0
144.296201637 0
144.415931268 0
144.535760245 0
144.655688649 0
144.775716565 0
144.895844073 0
145.016071257 0
145.136398199 0
145.256824983 0
145.37735169 0
145.497978405 0
145.618705209 0
145.739532186 0
145.86045942 0
145.981486992 0
146.102614987 0
146.223843488 0
146.345172578 0
146.466602341 0
146.58813286 0
146.709764219 0
146.831496502 0
146.953329791 0
147.075264172 0
147.197299728 0
147.319436542 0
147.4416747 0
147.564014284 0
147.686455379 0
147.80899807 0
147.931642441 0
148.054388576 0
148.177236559 0
148.300186475 0
148.423238409 0
148.546392445 0
148.669648668 0
148.793007162 0
148.916468013 0
149.040031306 0
149.163697125 0
149.287465556 0
149.411336684 0
149.535310593 0
149.65938737 0
149.783567099 0
149.907849867 0
150.032235757 0
150.156724857 0
150.281317252 0
150.406013027 0
150.530812268 0
150.655715061 0
150.780721493 0
150.905831648 0
151.031045613 0
151.156363474 0
151.281785318 0
151.407311231 0
151.532941298 0
151.658675607 0
151.784514244 0
151.910457295 0
152.036504847 0
152.162656988 0
152.288913802 0
152.415275379 0
152.541741803 0
152.668313163 0
152.794989546 0
152.921771038 0
153.048657727 0
153.1756497 0
153.302747045 0
153.429949848 0
153.557258198 0
153.684672182 0
153.812191887 0
153.939817402 0
154.067548814 0
154.195386211 0
154.323329681 0
154.451379311 0
154.579535191 0
154.707797408 0
154.836166051 0
154.964641207 0
155.093222966 0
155.221911415 0
155.350706643 0
155.479608739 0
155.608617791 0
155.737733889 0
155.86695712 0
155.996287574 0
156.12572534 0
156.255270507 0
156.384923164 0
156.5146834 0
156.644551304 0
156.774526967 0
156.904610476 0
157.034801922 0
157.165101394 0
157.295508983 0
157.426024776 0
157.556648865 0
157.68738134 0
157.818222289 0
157.949171804 0
158.080229973 0
158.211396889 0
158.342672639 0
158.474057316 0
158.605551009 0
158.737153809 0
158.868865806 0
159.000687091 0
159.132617754 0
159.264657887 0
159.39680758 0
159.529066925 0
159.661436011 0
159.79391493 0
159.926503774 0
160.059202633 0
160.192011599 0
160.324930762 0
160.457960216 0
160.59110005 0
160.724350358 0
160.857711229 0
160.991182757 0
161.124765032 0
161.258458147 0
161.392262194 0
161.526177265 0
161.660203451 0
161.794340846 0
161.928589541 0
162.062949629 0
162.197421201 0
162.332004352 0
162.466699173 0
162.601505756 0
162.736424196 0
162.871454584 0
163.006597013 0
163.141851576 0
163.277218367 0
163.412697478 0
163.548289003 0
163.683993034 0
163.819809667 0
163.955738992 0
164.091781105 0
164.227936099 0
164.364204067 0
164.500585104 0
164.637079302 0
164.773686757 0
164.910407561 0
165.04724181 0
165.184189596 0
165.321251015 0
165.45842616 0
165.595715126 0
165.733118008 0
165.870634899 0
166.008265895 0
166.14601109 0
166.283870579 0
166.421844457 0
166.559932819 0
166.698135759 0
166.836453373 0
166.974885756 0
167.113433003 0
167.25209521 0
167.390872471 0
167.529764883 0
167.66877254 0
167.807895539 0
167.947133975 0
168.086487944 0
168.225957542 0
168.365542865 0
168.505244008 0
168.645061068 0
168.784994142 0
168.925043325 0
169.065208713 0
169.205490403 0
169.345888492 0
169.486403077 0
169.627034253 0
169.767782117 0
169.908646767 0
170.0496283 0
170.190726812 0
170.3319424 0
170.473275161 0
170.614725193 0
170.756292593 0
170.897977459 0
171.039779888 0
171.181699977 0
171.323737824 0
171.465893526 0
171.608167183 0
171.750558891 0
171.893068748 0
172.035696852 0
172.178443302 0
172.321308196 0
172.464291632 0
172.607393708 0
172.750614523 0
172.893954175 0
173.037412764 0
173.180990386 0
173.324687143 0
173.468503131 0
173.612438451 0
173.756493201 0
173.90066748 0
174.044961388 0
174.189375023 0
174.333908485 0
174.478561874 0
174.623335289 0
174.76822883 0
174.913242596 0
175.058376686 0
175.203631202 0
175.349006243 0
175.494501908 0
175.640118298 0
175.785855513 0
175.931713654 0
176.07769282 0
176.223793112 0
176.370014631 0
176.516357477 0
176.662821751 0
176.809407553 0
176.956114985 0
177.102944147 0
177.249895141 0
177.396968067 0
177.544163026 0
177.691480121 0
177.838919452 0
177.98648112 0
178.134165227 0
178.281971876 0
178.429901166 0
178.577953201 0
178.726128082 0
178.874425911 0
179.022846789 0
179.17139082 0
179.320058105 0
179.468848747 0
179.617762848 0
179.766800509 0
179.915961835 0
180.065246927 0
180.214655889 0
180.364188822 0
180.51384583 0
180.663627016 0
180.813532483 0
180.963562333 0
181.113716671 0
181.263995599 0
181.414399221 0
181.56492764 0
181.71558096 0
181.866359284 0
182.017262717 0
182.168291361 0
182.319445322 0
182.470724702 0
182.622129606 0
182.773660138 0
182.925316403 0
183.077098504 0
183.229006546 0
183.381040634 0
183.533200872 0
183.685487365 0
183.837900217 0
183.990439534 0
184.14310542 0
184.29589798 0
184.44881732 0
184.601863545 0
184.755036759 0
184.908337069 0
185.06176458 0
185.215319397 0
185.369001626 0
185.522811372 0
185.676748742 0
185.830813842 0
185.985006776 0
186.139327653 0
186.293776577 0
186.448353654 0
186.603058992 0
186.757892697 0
186.912854874 0
187.067945631 0
187.223165075 0
187.378513312 0
187.533990449 0
187.689596593 0
187.845331851 0
188.00119633 0
188.157190138 0
188.313313381 0
188.469566167 0
188.625948604 0
188.782460799 0
188.93910286 0
189.095874895 0
189.252777011 0
189.409809316 0
189.566971919 0
189.724264927 0
189.881688449 0
190.039242593 0
190.196927468 0
190.354743181 0
190.512689842 0
190.670767559 0
190.82897644 0
190.987316596 0
191.145788134 0
191.304391163 0
191.463125793 0
191.621992133 0
191.780990293 0
191.940120381 0
192.099382507 0
192.25877678 0
192.418303311 0
192.577962208 0
192.737753583 0
192.897677544 0
193.057734202 0
193.217923667 0
193.378246049 0
193.538701458 0
193.699290005 0
193.860011801 0
194.020866954 0
194.181855578 0
194.342977781 0
194.504233676 0
194.665623372 0
194.827146981 0
194.988804615 0
195.150596383 0
195.312522399 0
195.474582772 0
195.636777614 0
195.799107038 0
195.961571154 0
196.124170075 0
196.286903912 0
196.449772777 0
196.612776783 0
196.775916041 0
196.939190663 0
197.102600763 0
197.266146452 0
197.429827843 0
197.593645048 0
197.75759818 0
197.921687353 0
198.085912678 0
198.250274269 0
198.414772239 0
198.579406701 0
198.744177768 0
198.909085554 0
199.074130172 0
199.239311735 0
199.404630358 0
199.570086154 0
199.735679236 0
199.901409719 0
200.067277717 0
200.233283344 0
200.399426714 0
200.565707941 0
200.732127139 0
200.898684424 0
201.06537991 0
201.232213711 0
201.399185942 0
201.566296718 0
201.733546154 0
201.900934366 0
202.068461467 0
202.236127574 0
202.403932802 0
202.571877266 0
202.739961082 0
202.908184365 0
203.076547231 0
203.245049796 0
203.413692176 0
203.582474487 0
203.751396845 0
203.920459366 0
204.089662166 0
204.259005362 0
204.428489071 0
204.598113408 0
204.767878491 0
204.937784437 0
205.107831362 0
205.278019383 0
205.448348617 0
205.618819182 0
205.789431195 0
205.960184773 0
206.131080034 0
206.302117094 0
206.473296073 0
206.644617087 0
206.816080255 0
206.987685694 0
207.159433522 0
207.331323858 0
207.50335682 0
207.675532526 0
207.847851094 0
208.020312644 0
208.192917294 0
208.365665162 0
208.538556368 0
208.711591029 0
208.884769267 0
209.058091198 0
209.231556943 0
209.405166622 0
209.578920353 0
209.752818255 0
209.92686045 0
210.101047056 0
210.275378193 0
210.449853981 0
210.62447454 0
210.79923999 0
210.974150452 0
211.149206046 0
211.324406891 0
211.49975311 0
211.675244822 0
211.850882148 0
212.026665209 0
212.202594125 0
212.378669019 0
212.55489001 0
212.731257221 0
212.907770772 0
213.084430786 0
213.261237382 0
213.438190684 0
213.615290813 0
213.79253789 0
213.969932038 0
214.147473378 0
214.325162033 0
214.502998125 0
214.680981777 0
214.85911311 0
215.037392248 0
215.215819312 0
215.394394426 0
215.573117713 0
215.751989295 0
215.931009296 0
216.110177838 0
216.289495046 0
216.468961041 0
216.648575948 0
216.828339891 0
217.008252993 0
217.188315377 0
217.368527168 0
217.548888489 0
217.729399465 0
217.91006022 0
218.090870878 0
218.271831563 0
218.452942401 0
218.634203514 0
218.81561503 0
218.997177071 0
219.178889763 0
219.360753231 0
219.5427676 0
219.724932995 0
219.907249542 0
220.089717366 0
220.272336592 0
220.455107346 0
220.638029755 0
220.821103943 0
221.004330036 0
221.187708161 0
221.371238444 0
221.554921012 0
221.738755989 0
221.922743504 0
222.106883682 0
222.29117665 0
222.475622535 0
222.660221463 0
222.844973563 0
223.02987896 0
223.214937783 0
223.400150158 0
223.585516212 0
223.771036074 0
223.956709871 0
224.142537731 0
224.328519781 0
224.514656149 0
224.700946964 0
224.887392353 0
225.073992446 0
225.260747369 0
225.447657253 0
225.634722224 0
225.821942413 0
226.009317947 0
226.196848956 0
226.384535569 0
226.572377915 0
226.760376122 0
226.948530321 0
227.13684064 0
227.32530721 0
227.51393016 0
227.70270962 0
227.891645719 0
228.080738588 0
228.269988356 0
228.459395154 0
228.648959112 0
228.838680361 0
229.02855903 0
229.218595252 0
229.408789156 0
229.599140873 0
229.789650534 0
229.98031827 0
230.171144213 0
230.362128493 0
230.553271242 0
230.744572592 0
230.936032674 0
231.12765162 0
231.319429561 0
231.51136663 0
231.703462958 0
231.895718679 0
232.088133923 0
232.280708824 0
232.473443513 0
232.666338124 0
232.859392789 0
233.052607641 0
233.245982812 0
233.439518437 0
233.633214648 0
233.827071577 0
234.02108936 0
234.215268128 0
234.409608016 0
234.604109158 0
234.798771687 0
234.993595736 0
235.188581441 0
235.383728935 0
235.579038352 0
235.774509827 0
235.970143495 0
236.165939489 0
236.361897945 0
236.558018997 0
236.75430278 0
236.95074943 0
237.147359081 0
237.344131868 0
237.541067928 0
237.738167395 0
237.935430406 0
238.132857095 0
238.330447599 0
238.528202053 0
238.726120594 0
238.924203357 0
239.12245048 0
239.320862097 0
239.519438347 0
239.718179365 0
239.917085289 0
240.116156254 0
240.315392398 0
240.514793858 0
240.714360772 0
240.914093276 0
241.113991507 0
241.314055604 0
241.514285704 0
241.714681945 0
241.915244465 0
242.1159734 0
242.316868891 0
242.517931074 0
242.719160089 0
242.920556073 0
243.122119165 0
243.323849504 0
243.525747229 0
243.727812478 0
243.93004539 0
244.132446105 0
244.335014762 0
244.5377515 0
244.740656458 0
244.943729777 0
245.146971596 0
245.350382054 0
245.553961292 0
245.75770945 0
245.961626667 0
246.165713085 0
246.369968843 0
246.574394082 0
246.778988943 0
246.983753566 0
247.188688092 0
247.393792663 0
247.599067418 0
247.804512501 0
248.010128051 0
248.215914211 0
248.421871121 0
248.627998924 0
248.834297761 0
249.040767775 0
249.247409107 0
249.454221899 0
249.661206294 0
249.868362434 0
250.075690462 0
250.28319052 0
250.490862751 0
250.698707298 0
250.906724303 0
251.114913911 0
251.323276263 0
251.531811504 0
251.740519777 0
251.949401226 0
252.158455993 0
252.367684224 0
252.577086061 0
252.78666165 0
252.996411133 0
253.206334656 0
253.416432363 0
253.626704398 0
253.837150907 0
254.047772033 0
254.258567922 0
254.469538718 0
254.680684567 0
254.892005614 0
255.103502005 0
255.315173885 0
255.527021399 0
255.739044693 0
255.951243914 0
256.163619206 0
256.376170717 0
256.588898592 0
256.801802978 0
257.014884022 0
257.228141869 0
257.441576666 0
257.655188561 0
257.8689777 0
258.08294423 0
258.297088299 0
258.511410054 0
258.725909642 0
258.940587211 0
259.155442908 0
259.370476881 0
259.585689279 0
259.801080249 0
260.01664994 0
260.232398499 0
260.448326076 0
260.664432818 0
260.880718874 0
261.097184394 0
261.313829526 0
261.530654418 0
261.747659221 0
261.964844084 0
262.182209155 0
262.399754585 0
262.617480523 0
262.835387119 0
263.053474523 0
263.271742884 0
263.490192354 0
263.708823081 0
263.927635218 0
264.146628913 0
264.365804318 0
264.585161584 0
264.804700862 0
265.024422301 0
265.244326055 0
265.464412273 0
265.684681108 0
265.905132711 0
266.125767233 0
266.346584826 0
266.567585642 0
266.788769834 0
267.010137553 0
267.231688952 0
267.453424183 0
267.675343398 0
267.897446751 0
268.119734394 0
268.342206479 0
268.564863161 0
268.787704592 0
269.010730925 0
269.233942314 0
269.457338912 0
269.680920874 0
269.904688353 0
270.128641502 0
270.352780476 0
270.57710543 0
270.801616517 0
271.026313891 0
271.251197708 0
271.476268123 0
271.701525289 0
271.926969362 0
272.152600497 0
272.378418849 0
272.604424574 0
272.830617827 0
273.056998764 0
273.28356754 0
273.510324311 0
273.737269233 0
273.964402463 0
274.191724156 0
274.419234469 0
274.646933559 0
274.874821581 0
275.102898694 0
275.331165053 0
275.559620816 0
275.78826614 0
276.017101183 0
276.246126101 0
276.475341052 0
276.704746194 0
276.934341684 0
277.164127682 0
277.394104344 0
277.624271829 0
277.854630295 0
278.085179901 0
278.315920805 0
278.546853166 0
278.777977144 0
279.009292896 0
279.240800582 0
279.472500361 0
279.704392393 0
279.936476837 0
280.168753853 0
280.401223601 0
280.63388624 0
280.866741931 0
281.099790834 0
281.333033108 0
281.566468915 0
281.800098416 0
282.03392177 0
282.267939139 0
282.502150684 0
282.736556565 0
282.971156944 0
283.205951983 0
283.440941843 0
283.676126685 0
283.911506672 0
284.147081965 0
284.382852727 0
284.618819119 0
284.854981304 0
285.091339444 0
285.327893702 0
285.564644241 0
285.801591224 0
286.038734813 0
286.276075171 0
286.513612463 0
286.75134685 0
286.989278498 0
287.227407569 0
287.465734228 0
287.704258638 0
287.942980963 0
288.181901368 0
288.421020017 0
288.660337075 0
288.899852705 0
289.139567073 0
289.379480345 0
289.619592683 0
289.859904255 0
290.100415225 0
290.341125759 0
290.582036023 0
290.823146181 0
291.0644564 0
291.305966846 0
291.547677685 0
291.789589084 0
292.031701208 0
292.274014225 0
292.5165283 0
292.759243602 0
293.002160296 0
293.24527855 0
293.488598531 0
293.732120407 0
293.975844344 0
294.219770512 0
294.463899077 0
294.708230207 0
294.952764071 0
295.197500836 0
295.442440672 0
295.687583746 0
295.932930228 0
296.178480285 0
296.424234088 0
296.670191804 0
296.916353604 0
297.162719656 0
297.40929013 0
297.656065195 0
297.903045022 0
298.150229781 0
298.39761964 0
298.645214771 0
298.893015344 0
299.14102153 0
299.389233498 0
299.637651419 0
299.886275466 0
300.135105807 0
300.384142616 0
300.633386063 0
300.882836319 0
301.132493556 0
301.382357946 0
301.632429661 0
301.882708872 0
302.133195753 0
302.383890474 0
302.63479321 0
302.885904131 0
303.137223412 0
303.388751225 0
303.640487742 0
303.892433138 0
304.144587585 0
304.396951257 0
304.649524328 0
304.902306971 0
305.15529936 0
305.408501669 0
305.661914073 0
305.915536745 0
306.16936986 0
306.423413594 0
306.677668119 0
306.932133612 0
307.186810248 0
307.441698201 0
307.696797648 0
307.952108763 0
308.207631722 0
308.463366701 0
308.719313876 0
308.975473422 0
309.231845517 0
309.488430337 0
309.745228057 0
310.002238855 0
310.259462907 0
310.516900391 0
310.774551484 0
311.032416362 0
311.290495203 0
311.548788185 0
311.807295485 0
312.066017282 0
312.324953752 0
312.584105075 0
312.843471428 0
313.103052991 0
313.362849941 0
313.622862457 0
313.883090718 0
314.143534904 0
314.404195193 0
314.665071764 0
314.926164797 0
315.187474473 0
315.449000969 0
315.710744467 0
315.972705147 0
316.234883188 0
316.497278771 0
316.759892076 0
317.022723285 0
317.285772577 0
317.549040134 0
317.812526138 0
318.076230769 0
318.340154208 0
318.604296637 0
318.868658239 0
319.133239194 0
319.398039685 0
319.663059894 0
319.928300003 0
320.193760195 0
320.459440652 0
320.725341558 0
320.991463094 0
321.257805445 0
321.524368792 0
321.791153321 0
322.058159213 0
322.325386654 0
322.592835826 0
322.860506914 0
323.128400102 0
323.396515574 0
323.664853514 0
323.933414108 0
324.202197539 0
324.471203993 0
324.740433655 0
325.00988671 0
325.279563344 0
325.549463741 0
325.819588088 0
326.089936571 0
326.360509374 0
326.631306686 0
326.902328691 0
327.173575576 0
327.445047529 0
327.716744734 0
327.988667381 0
328.260815654 0
328.533189743 0
328.805789834 0
329.078616114 0
329.351668772 0
329.624947995 0
329.898453971 0
330.172186888 0
330.446146935 0
330.7203343 0
330.994749172 0
331.269391739 0
331.544262191 0
331.819360716 0
332.094687504 0
332.370242744 0
332.646026625 0
332.922039339 0
333.198281073 0
333.474752019 0
333.751452366 0
334.028382305 0
334.305542026 0
334.58293172 0
334.860551579 0
335.138401792 0
335.41648255 0
335.694794047 0
335.973336471 0
336.252110017 0
336.531114874 0
336.810351235 0
337.089819292 0
337.369519238 0
337.649451264 0
337.929615564 0
338.21001233 0
338.490641755 0
338.771504031 0
339.052599353 0
339.333927914 0
339.615489906 0
339.897285525 0
340.179314963 0
340.461578414 0
340.744076074 0
341.026808136 0
341.309774794 0
341.592976243 0
341.876412679 0
342.160084296 0
342.443991289 0
342.728133854 0
343.012512185 0
343.29712648 0
343.581976932 0
343.867063739 0
344.152387097 0
344.437947201 0
344.723744249 0
345.009778436 0
345.29604996 0
345.582559018 0
345.869305806 0
346.156290522 0
346.443513363 0
346.730974527 0
347.018674212 0
347.306612615 0
347.594789935 0
347.88320637 0
348.171862118 0
348.460757377 0
348.749892348 0
349.039267228 0
349.328882216 0
349.618737512 0
349.908833315 0
350.199169825 0
350.489747241 0
350.780565764 0
351.071625593 0
351.362926929 0
351.654469972 0
351.946254922 0
352.23828198 0
352.530551348 0
352.823063226 0
353.115817815 0
353.408815317 0
353.702055934 0
353.995539867 0
354.289267317 0
354.583238488 0
354.877453581 0
355.171912799 0
355.466616344 0
355.761564419 0
356.056757226 0
356.35219497 0
356.647877853 0
356.943806078 0
357.23997985 0
357.536399372 0
357.833064847 0
358.12997648 0
358.427134476 0
358.724539038 0
359.022190371 0
359.32008868 0
359.618234169 0
359.916627045 0
360.215267512 0
360.514155776 0
360.813292041 0
361.112676515 0
361.412309403 0
361.712190911 0
362.012321245 0
362.312700612 0
362.613329219 0
362.914207272 0
363.215334978 0
363.516712545 0
363.818340179 0
364.120218088 0
364.422346481 0
364.724725564 0
365.027355546 0
365.330236635 0
365.633369039 0
365.936752967 0
366.240388628 0
366.544276229 0
366.848415982 0
367.152808094 0
367.457452775 0
367.762350234 0
368.067500682 0
368.372904329 0
368.678561383 0
368.984472057 0
369.290636559 0
369.597055101 0
369.903727894 0
370.210655148 0
370.517837074 0
370.825273885 0
371.132965791 0
371.440913004 0
371.749115736 0
372.057574198 0
372.366288604 0
372.675259166 0
372.984486095 0
373.293969605 0
373.603709909 0
373.913707219 0
374.22396175 0
374.534473713 0
374.845243324 0
375.156270796 0
375.467556342 0
375.779100177 0
376.090902516 0
376.402963572 0
376.71528356 0
377.027862696 0
377.340701194 0
377.653799269 0
377.967157137 0
378.280775014 0
378.594653114 0
378.908791655 0
379.223190852 0
379.537850921 0
379.852772079 0
380.167954543 0
380.483398529 0
380.799104254 0
381.115071936 0
381.431301791 0
381.747794039 0
382.064548895 0
382.381566578 0
382.698847306 0
383.016391298 0
383.334198772 0
383.652269946 0
383.970605039 0
384.289204271 0
384.608067859 0
384.927196025 0
385.246588987 0
385.566246965 0
385.886170179 0
386.206358848 0
386.526813194 0
386.847533437 0
387.168519797 0
387.489772495 0
387.811291752 0
388.13307779 0
388.455130829 0
388.777451091 0
389.100038799 0
389.422894173 0
389.746017436 0
390.06940881 0
390.393068518 0
390.716996782 0
391.041193826 0
391.365659871 0
391.690395142 0
392.015399862 0
392.340674254 0
392.666218542 0
392.99203295 0
393.318117703 0
393.644473024 0
393.971099137 0
394.297996269 0
394.625164643 0
394.952604485 0
395.28031602 0
395.608299473 0
395.93655507 0
396.265083037 0
396.593883599 0
396.922956984 0
397.252303416 0
397.581923124 0
397.911816333 0
398.241983271 0
398.572424164 0
398.903139241 0
399.234128728 0
399.565392853 0
399.896931845 0
400.22874593 0
400.560835338 0
400.893200297 0
401.225841035 0
401.558757781 0
401.891950765 0
402.225420216 0
402.559166362 0
402.893189434 0
403.227489661 0
403.562067274 0
403.896922502 0
404.232055576 0
404.567466726 0
404.903156183 0
405.239124178 0
405.575370943 0
405.911896707 0
406.248701704 0
406.585786164 0
406.92315032 0
407.260794403 0
407.598718646 0
407.936923282 0
408.275408542 0
408.614174661 0
408.95322187 0
409.292550403 0
409.632160494 0
409.972052375 0
410.312226282 0
410.652682448 0
410.993421107 0
411.334442493 0
411.675746842 0
412.017334388 0
412.359205365 0
412.70136001 0
413.043798557 0
413.386521242 0
413.729528301 0
414.07281997 0
414.416396485 0
414.760258082 0
415.104404997 0
415.448837469 0
415.793555733 0
416.138560026 0
416.483850587 0
416.829427652 0
417.175291459 0
417.521442246 0
417.867880252 0
418.214605714 0
418.561618871 0
418.908919962 0
419.256509226 0
419.604386902 0
419.952553229 0
420.301008446 0
420.649752794 0
420.998786513 0
421.348109841 0
421.697723021 0
422.047626291 0
422.397819893 0
422.748304069 0
423.099079058 0
423.450145102 0
423.801502443 0
424.153151322 0
424.505091982 0
424.857324664 0
425.209849611 0
425.562667065 0
425.915777269 0
426.269180466 0
426.622876899 0
426.976866811 0
427.331150445 0
427.685728047 0
428.040599859 0
428.395766125 0
428.75122709 0
429.106982999 0
429.463034095 0
429.819380625 0
430.176022833 0
430.532960964 0
430.890195265 0
431.24772598 0
431.605553356 0
431.963677639 0
432.322099075 0
432.680817911 0
433.039834394 0
433.39914877 0
433.758761287 0
434.118672192 0
434.478881733 0
434.839390157 0
435.200197713 0
435.561304649 0
435.922711212 0
436.284417653 0
436.646424219 0
437.008731159 0
437.371338724 0
437.734247162 0
438.097456722 0
438.460967655 0
438.824780212 0
439.188894641 0
439.553311194 0
439.918030121 0
440.283051673 0
440.648376102 0
441.014003658 0
441.379934594 0
441.74616916 0
442.112707609 0
442.479550193 0
442.846697164 0
443.214148775 0
443.581905278 0
443.949966927 0
444.318333975 0
444.687006675 0
445.055985281 0
445.425270047 0
445.794861226 0
446.164759073 0
446.534963843 0
446.90547579 0
447.276295168 0
447.647422234 0
448.018857242 0
448.390600447 0
448.762652106 0
449.135012475 0
449.50768181 0
449.880660366 0
450.253948401 0
450.627546171 0
451.001453934 0
451.375671947 0
451.750200466 0
452.12503975 0
452.500190057 0
452.875651644 0
453.25142477 0
453.627509693 0
454.003906673 0
454.380615967 0
454.757637836 0
455.134972538 0
455.512620334 0
455.890581482 0
456.268856243 0
456.647444877 0
457.026347645 0
457.405564807 0
457.785096624 0
458.164943357 0
458.545105268 0
458.925582617 0
459.306375668 0
459.687484681 0
460.068909919 0
460.450651644 0
460.832710118 0
461.215085606 0
461.597778369 0
461.980788671 0
462.364116776 0
462.747762946 0
463.131727447 0
463.516010542 0
463.900612495 0
464.285533572 0
464.670774036 0
465.056334153 0
465.442214189 0
465.828414408 0
466.214935076 0
466.601776459 0
466.988938824 0
467.376422436 0
467.764227563 0
468.15235447 0
468.540803425 0
468.929574695 0
469.318668548 0
469.708085251 0
470.097825073 0
470.48788828 0
470.878275142 0
471.268985927 0
471.660020904 0
472.051380342 0
472.443064511 0
472.835073678 0
473.227408115 0
473.620068091 0
474.013053876 0
474.406365741 0
474.800003956 0
475.193968792 0
475.588260519 0
475.98287941 0
476.377825736 0
476.773099768 0
477.168701778 0
477.564632038 0
477.960890821 0
478.3574784 0
478.754395047 0
479.151641035 0
479.549216637 0
479.947122127 0
480.345357779 0
480.743923867 0
481.142820665 0
481.542048446 0
481.941607487 0
482.341498061 0
482.741720444 0
483.142274912 0
483.543161738 0
483.944381201 0
484.345933575 0
484.747819136 0
485.150038162 0
485.552590928 0
485.955477713 0
486.358698792 0
486.762254443 0
487.166144945 0
487.570370574 0
487.974931609 0
488.379828328 0
488.785061009 0
489.190629933 0
489.596535376 0
490.002777619 0
490.409356942 0
490.816273623 0
491.223527942 0
491.631120181 0
492.039050619 0
492.447319537 0
492.855927215 0
493.264873936 0
493.674159979 0
494.083785627 0
494.493751162 0
494.904056865 0
495.314703019 0
495.725689906 0
496.137017809 0
496.548687011 0
496.960697796 0
497.373050445 0
497.785745244 0
498.198782476 0
498.612162425 0
499.025885376 0
499.439951613 0
499.854361421 0
500.269115086 0
500.684212891 0
501.099655124 0
501.515442069 0
501.931574014 0
502.348051243 0
502.764874044 0
503.182042703 0
503.599557508 0
504.017418745 0
504.435626702 0
504.854181666 0
505.273083926 0
505.69233377 0
506.111931486 0
506.531877363 0
506.95217169 0
507.372814755 0
507.793806849 0
508.21514826 0
508.636839279 0
509.058880195 0
509.4812713 0
509.904012883 0
510.327105236 0
510.750548649 0
511.174343414 0
511.598489822 0
512.022988165 0
512.447838736 0
512.873041825 0
513.298597727 0
513.724506733 0
514.150769136 0
514.577385231 0
515.00435531 0
515.431679666 0
515.859358595 0
516.28739239 0
516.715781346 0
517.144525756 0
517.573625917 0
518.003082124 0
518.432894671 0
518.863063855 0
519.293589972 0
519.724473317 0
520.155714187 0
520.587312878 0
521.019269689 0
521.451584915 0
521.884258854 0
522.317291804 0
522.750684062 0
523.184435928 0
523.618547698 0
524.053019673 0
524.48785215 0
524.923045429 0
525.358599809 0
525.79451559 0
526.230793071 0
526.667432554 0
527.104434338 0
527.541798723 0
527.979526011 0
528.417616503 0
528.8560705 0
529.294888304 0
529.734070216 0
530.173616539 0
530.613527576 0
531.053803628 0
531.494444998 0
531.935451991 0
532.376824908 0
532.818564055 0
533.260669734 0
533.703142249 0
534.145981906 0
534.589189009 0
535.032763862 0
535.476706771 0
535.921018041 0
536.365697978 0
536.810746888 0
537.256165077 0
537.701952851 0
538.148110517 0
538.594638382 0
539.041536753 0
539.488805937 0
539.936446242 0
540.384457977 0
540.832841449 0
541.281596967 0
541.730724839 0
542.180225374 0
542.630098883 0
543.080345673 0
543.530966055 0
543.981960339 0
544.433328835 0
544.885071854 0
545.337189705 0
545.789682702 0
546.242551154 0
546.695795373 0
547.14941567 0
547.603412359 0
548.057785752 0
548.51253616 0
548.967663897 0
549.423169275 0
549.879052609 0
550.335314211 0
550.791954397 0
551.248973478 0
551.706371771 0
552.16414959 0
552.62230725 0
553.080845065 0
553.539763352 0
553.999062425 0
554.458742602 0
554.918804198 0
555.379247529 0
555.840072913 0
556.301280666 0
556.762871106 0
557.22484455 0
557.687201316 0
558.149941723 0
558.613066087 0
559.076574729 0
559.540467966 0
560.004746119 0
560.469409505 0
560.934458446 0
561.399893261 0
561.865714269 0
562.331921792 0
562.798516151 0
563.265497666 0
563.732866658 0
564.200623449 0
564.668768361 0
565.137301715 0
565.606223835 0
566.075535042 0
566.54523566 0
567.015326011 0
567.48580642 0
567.956677209 0
568.427938703 0
568.899591225 0
569.371635101 0
569.844070655 0
570.316898211 0
570.790118096 0
571.263730634 0
571.737736153 0
572.212134976 0
572.686927432 0
573.162113846 0
573.637694546 0
574.113669858 0
574.59004011 0
575.06680563 0
575.543966746 0
576.021523786 0
576.499477078 0
576.977826951 0
577.456573735 0
577.935717759 0
578.415259352 0
578.895198844 0
579.375536565 0
579.856272846 0
580.337408017 0
580.81894241 0
581.300876356 0
581.783210186 0
582.265944231 0
582.749078825 0
583.2326143 0
583.716550987 0
584.200889221 0
584.685629333 0
585.170771659 0
585.65631653 0
586.142264282 0
586.628615249 0
587.115369765 0
587.602528165 0
588.090090784 0
588.578057958 0
589.066430022 0
589.555207312 0
590.044390165 0
590.533978917 0
591.023973904 0
591.514375465 0
592.005183936 0
592.496399654 0
592.988022958 0
593.480054187 0
593.972493677 0
594.465341769 0
594.958598801 0
595.452265113 0
595.946341043 0
596.440826933 0
596.935723122 0
597.43102995 0
597.926747759 0
598.42287689 0
598.919417682 0
599.41637048 0
599.913735623 0
600.411513454 0
600.909704316 0
601.408308552 0
601.907326504 0
602.406758515 0
602.90660493 0
603.406866092 0
603.907542345 0
604.408634034 0
604.910141503 0
605.412065097 0
605.914405162 0
606.417162043 0
606.920336086 0
607.423927638 0
607.927937043 0
608.432364651 0
608.937210806 0
609.442475857 0
609.948160152 0
610.454264037 0
610.960787861 0
611.467731974 0
611.975096722 0
612.482882456 0
612.991089525 0
613.499718278 0
614.008769065 0
614.518242237 0
615.028138143 0
615.538457135 0
616.049199564 0
616.560365781 0
617.071956137 0
617.583970985 0
618.096410677 0
618.609275565 0
619.122566003 0
619.636282342 0
620.150424937 0
620.664994142 0
621.17999031 0
621.695413795 0
622.211264953 0
622.727544137 0
623.244251704 0
623.761388008 0
624.278953405 0
624.796948252 0
625.315372905 0
625.83422772 0
626.353513054 0
626.873229265 0
627.39337671 0
627.913955746 0
628.434966733 0
628.956410028 0
629.47828599 0
630.000594978 0
630.523337351 0
631.04651347 0
631.570123693 0
632.094168381 0
632.618647895 0
633.143562595 0
633.668912843 0
634.194698999 0
634.720921427 0
635.247580486 0
635.774676541 0
636.302209952 0
636.830181085 0
637.3585903 0
637.887437963 0
638.416724437 0
638.946450085 0
639.476615273 0
640.007220365 0
640.538265726 0
641.069751721 0
641.601678717 0
642.134047078 0
642.666857171 0
643.200109363 0
643.733804021 0
644.267941511 0
644.802522201 0
645.337546459 0
645.873014653 0
646.408927151 0
646.945284321 0
647.482086534 0
648.019334158 0
648.557027562 0
649.095167118 0
649.633753193 0
650.17278616 0
650.71226639 0
651.252194252 0
651.792570119 0
652.333394362 0
652.874667354 0
653.416389466 0
653.958561072 0
654.501182544 0
655.044254256 0
655.587776581 0
656.131749893 0
656.676174567 0
657.221050976 0
657.766379496 0
658.312160502 0
658.858394369 0
659.405081473 0
659.95222219 0
660.499816897 0
661.047865969 0
661.596369785 0
662.145328722 0
662.694743156 0
663.244613467 0
663.794940032 0
664.34572323 0
664.89696344 0
665.44866104 0
666.000816412 0
666.553429933 0
667.106501986 0
667.660032949 0
668.214023204 0
668.768473132 0
669.323383114 0
669.878753532 0
670.434584768 0
670.990877205 0
671.547631224 0
672.10484721 0
672.662525545 0
673.220666614 0
673.779270799 0
674.338338486 0
674.897870058 0
675.457865901 0
676.0183264 0
676.579251941 0
677.140642909 0
677.702499691 0
678.264822673 0
678.827612242 0
679.390868785 0
679.954592689 0
680.518784343 0
681.083444134 0
681.648572451 0
682.214169683 0
682.780236219 0
683.346772448 0
683.913778759 0
684.481255544 0
685.049203192 0
685.617622093 0
686.18651264 0
686.755875224 0
687.325710235 0
687.896018066 0
688.46679911 0
689.038053759 0
689.609782405 0
690.181985443 0
690.754663266 0
691.327816268 0
691.901444843 0
692.475549385 0
693.050130291 0
693.625187954 0
694.200722771 0
694.776735137 0
695.353225449 0
695.930194103 0
696.507641496 0
697.085568026 0
697.66397409 0
698.242860086 0
698.822226411 0
699.402073466 0
699.982401647 0
700.563211356 0
701.144502991 0
701.726276952 0
702.308533639 0
702.891273454 0
703.474496796 0
704.058204067 0
704.642395668 0
705.227072002 0
705.812233471 0
706.397880477 0
706.984013423 0
707.570632712 0
708.157738748 0
708.745331934 0
709.333412675 0
709.921981376 0
710.511038441 0
711.100584276 0
711.690619285 0
712.281143876 0
712.872158454 0
713.463663426 0
714.055659198 0
714.648146178 0
715.241124774 0
715.834595393 0
716.428558443 0
717.023014334 0
717.617963475 0
718.213406273 0
718.80934314 0
719.405774485 0
720.002700718 0
720.60012225 0
721.198039492 0
721.796452855 0
722.395362751 0
722.994769592 0
723.59467379 0
724.195075758 0
724.795975909 0
725.397374657 0
725.999272414 0
726.601669596 0
727.204566616 0
727.807963889 0
728.41186183 0
729.016260855 0
729.62116138 0
730.22656382 0
730.832468593 0
731.438876114 0
732.045786801 0
732.653201072 0
733.261119344 0
733.869542036 0
734.478469566 0
735.087902353 0
735.697840816 0
736.308285375 0
736.91923645 0
737.530694461 0
738.142659829 0
738.755132974 0
739.368114318 0
739.981604283 0
740.595603291 0
741.210111763 0
741.825130124 0
742.440658795 0
743.056698201 0
743.673248765 0
744.29031091 0
744.907885063 0
745.525971647 0
746.144571088 0
746.763683812 0
747.383310243 0
748.003450809 0
748.624105936 0
749.24527605 0
749.86696158 0
750.489162954 0
751.111880598 0
751.735114941 0
752.358866412 0
752.983135441 0
753.607922456 0
754.233227888 0
754.859052166 0
755.485395722 0
756.112258985 0
756.739642387 0
757.367546361 0
757.995971336 0
758.624917747 0
759.254386026 0
759.884376605 0
760.514889918 0
761.1459264 0
761.777486483 0
762.409570602 0
763.042179193 0
763.675312689 0
764.308971528 0
764.943156145 0
765.577866976 0
766.213104457 0
766.848869026 0
767.48516112 0
768.121981177 0
768.759329634 0
769.397206931 0
770.035613506 0
770.674549798 0
771.314016247 0
771.954013293 0
772.594541375 0
773.235600935 0
773.877192414 0
774.519316252 0
775.161972892 0
775.805162776 0
776.448886346 0
777.093144045 0
777.737936316 0
778.383263603 0
779.02912635 0
779.675525 0
780.32246 0
780.969931792 0
781.617940824 0
782.266487541 0
782.915572389 0
783.565195814 0
784.215358264 0
784.866060186 0
785.517302026 0
786.169084234 0
786.821407258 0
787.474271546 0
788.127677547 0
788.781625712 0
789.436116489 0
790.091150329 0
790.746727684 0
791.402849002 0
792.059514737 0
792.71672534 0
793.374481262 0
794.032782957 0
794.691630876 0
795.351025475 0
796.010967205 0
796.671456521 0
797.332493878 0
797.99407973 0
798.656214532 0
799.318898739 0
799.982132809 0
800.645917196 0
801.310252357 0
801.97513875 0
802.640576832 0
803.30656706 0
803.973109893 0
804.64020579 0
805.307855208 0
805.976058608 0
806.644816449 0
807.314129192 0
807.983997295 0
808.654421222 0
809.325401431 0
809.996938386 0
810.669032549 0
811.34168438 0
812.014894344 0
812.688662903 0
813.362990521 0
814.037877661 0
814.713324789 0
815.389332368 0
816.065900864 0
816.743030741 0
817.420722467 0
818.098976507 0
818.777793327 0
819.457173395 0
820.137117178 0
820.817625143 0
821.498697759 0
822.180335495 0
822.862538819 0
823.5453082 0
824.228644109 0
824.912547015 0
825.597017389 0
826.282055701 0
826.967662423 0
827.653838027 0
828.340582984 0
829.027897767 0
829.715782849 0
830.404238703 0
831.093265802 0
831.782864622 0
832.473035634 0
833.163779316 0
833.855096142 0
834.546986587 0
835.239451127 0
835.932490239 0
836.6261044 0
837.320294087 0
838.015059776 0
838.710401947 0
839.406321077 0
840.102817646 0
840.799892131 0
841.497545014 0
842.195776774 0
842.89458789 0
843.593978844 0
844.293950118 0
844.994502192 0
845.695635548 0
846.397350669 0
847.099648037 0
847.802528136 0
848.505991449 0
849.21003846 0
849.914669653 0
850.619885514 0
851.325686526 0
852.032073176 0
852.73904595 0
853.446605334 0
854.154751815 0
854.863485879 0
855.572808015 0
856.28271871 0
856.993218452 0
857.704307732 0
858.415987037 0
859.128256857 0
859.841117682 0
860.554570003 0
861.26861431 0
861.983251095 0
862.698480848 0
863.414304064 0
864.130721232 0
864.847732847 0
865.565339402 0
866.28354139 0
867.002339306 0
867.721733643 0
868.441724897 0
869.162313564 0
869.883500138 0
870.605285115 0
871.327668993 0
872.050652269 0
872.774235439 0
873.498419002 0
874.223203455 0
874.948589297 0
875.674577028 0
876.401167146 0
877.128360151 0
877.856156544 0
878.584556826 0
879.313561497 0
880.043171059 0
880.773386014 0
881.504206864 0
882.235634111 0
882.96766826 0
883.700309813 0
884.433559275 0
885.16741715 0
885.901883943 0
886.636960159 0
887.372646304 0
888.108942884 0
888.845850404 0
889.583369374 0
890.321500299 0
891.060243687 0
891.799600047 0
892.539569887 0
893.280153716 0
894.021352044 0
894.763165381 0
895.505594236 0
896.248639121 0
896.992300547 0
897.736579026 0
898.481475068 0
899.226989187 0
899.973121896 0
900.719873708 0
901.467245137 0
902.215236696 0
902.9638489 0
903.713082265 0
904.462937305 0
905.213414536 0
905.964514476 0
906.71623764 0
907.468584545 0
908.22155571 0
908.975151651 0
909.729372889 0
910.48421994 0
911.239693325 0
911.995793563 0
912.752521175 0
913.509876681 0
914.267860602 0
915.026473459 0
915.785715774 0
916.54558807 0
917.30609087 0
918.067224695 0
918.828990071 0
919.591387521 0
920.354417569 0
921.118080741 0
921.882377562 0
922.647308557 0
923.412874253 0
924.179075176 0
924.945911854 0
925.713384813 0
926.481494583 0
927.250241691 0
928.019626666 0
928.789650038 0
929.560312335 0
930.331614089 0
931.10355583 0
931.876138089 0
932.649361397 0
933.423226286 0
934.197733289 0
934.972882938 0
935.748675767 0
936.52511231 0
937.3021931 0
938.079918672 0
938.858289561 0
939.637306302 0
940.416969432 0
941.197279486 0
941.978237002 0
942.759842517 0
943.542096568 0
944.324999694 0
945.108552432 0
945.892755323 0
946.677608906 0
947.463113719 0
948.249270305 0
949.036079204 0
949.823540956 0
950.611656104 0
951.40042519 0
952.189848756 0
952.979927345 0
953.770661502 0
954.562051769 0
955.354098691 0
956.146802814 0
956.940164682 0
957.734184842 0
958.528863839 0
959.32420222 0
960.120200532 0
960.916859323 0
961.714179141 0
962.512160534 0
963.310804052 0
964.110110243 0
964.910079658 0
965.710712846 0
966.51201036 0
967.313972749 0
968.116600565 0
968.919894361 0
969.72385469 0
970.528482103 0
971.333777156 0
972.139740401 0
972.946372393 0
973.753673688 0
974.56164484 0
975.370286405 0
976.17959894 0
976.989583001 0
977.800239146 0
978.611567931 0
979.423569916 0
980.236245659 0
981.049595719 0
981.863620655 0
982.678321028 0
983.493697397 0
984.309750324 0
985.12648037 0
985.943888097 0
986.761974068 0
987.580738844 0
988.40018299 0
989.220307069 0
990.041111644 0
990.862597282 0
991.684764546 0
992.507614003 0
993.331146219 0
994.15536176 0
994.980261192 0
995.805845084 0
996.632114004 0
997.459068519 0
998.286709199 0
999.115036613 0
999.944051331 0
1000.77375392 0
1001.60414496 0
1002.43522501 0
1003.26699465 0
1004.09945446 0
1004.93260499 0
1005.76644683 0
1006.60098055 0
1007.43620672 0
1008.27212592 0
1009.10873872 0
1009.94604571 0
1010.78404744 0
1011.62274451 0
1012.46213749 0
1013.30222695 0
1014.14301348 0
1014.98449764 0
1015.82668003 0
1016.66956122 0
1017.51314178 0
1018.35742231 0
1019.20240338 0
1020.04808557 0
1020.89446947 0
1021.74155565 0
1022.5893447 0
1023.4378372 0
1024.28703374 0
1025.13693489 0
1025.98754126 0
1026.83885341 0
1027.69087194 0
1028.54359743 0
1029.39703046 0
1030.25117164 0
1031.10602153 0
1031.96158074 0
1032.81784984 0
1033.67482944 0
1034.53252011 0
1035.39092245 0
1036.25003705 0
1037.10986449 0
1037.97040538 0
1038.83166031 0
1039.69362985 0
1040.55631462 0
1041.4197152 0
1042.28383218 0
1043.14866616 0
1044.01421774 0
1044.88048751 0
1045.74747607 0
1046.61518401 0
1047.48361192 0
1048.35276042 0
1049.22263009 0
1050.09322153 0
1050.96453535 0
1051.83657214 0
1052.7093325 0
1053.58281703 0
1054.45702634 0
1055.33196102 0
1056.20762167 0
1057.08400891 0
1057.96112332 0
1058.83896552 0
1059.71753611 0
1060.59683569 0
1061.47686487 0
1062.35762426 0
1063.23911445 0
1064.12133606 0
1065.00428969 0
1065.88797595 0
1066.77239545 0
1067.65754879 0
1068.54343659 0
1069.43005946 0
1070.317418 0
1071.20551282 0
1072.09434454 0
1072.98391377 0
1073.87422111 0
1074.76526719 0
1075.65705261 0
1076.54957799 0
1077.44284395 0
1078.33685108 0
1079.23160003 0
1080.12709138 0
1081.02332577 0
1081.92030381 0
1082.81802612 0
1083.71649331 0
1084.615706 0
1085.51566482 0
1086.41637037 0
1087.31782329 0
1088.22002418 0
1089.12297367 0
1090.02667239 0
1090.93112095 0
1091.83631997 0
1092.74227008 0
1093.6489719 0
1094.55642606 0
1095.46463318 0
1096.37359388 0
1097.28330879 0
1098.19377853 0
1099.10500374 0
1100.01698504 0
1100.92972305 0
1101.8432184 0
1102.75747173 0
1103.67248365 0
1104.58825481 0
1105.50478583 0
1106.42207733 0
1107.34012996 0
1108.25894435 0
1109.17852111 0
1110.0988609 0
1111.01996434 0
1111.94183206 0
1112.8644647 0
1113.78786289 0
1114.71202727 0
1115.63695848 0
1116.56265715 0
1117.48912391 0
1118.41635941 0
1119.34436429 0
1120.27313917 0
1121.20268471 0
1122.13300153 0
1123.06409028 0
1123.99595161 0
1124.92858614 0
1125.86199453 0
1126.79617741 0
1127.73113543 0
1128.66686923 0
1129.60337945 0
1130.54066674 0
1131.47873175 0
1132.41757511 0
1133.35719748 0
1134.2975995 0
1135.23878181 0
1136.18074508 0
1137.12348993 0
1138.06701703 0
1139.01132701 0
1139.95642054 0
1140.90229826 0
1141.84896082 0
1142.79640887 0
1143.74464306 0
1144.69366405 0
1145.64347249 0
1146.59406904 0
1147.54545434 0
1148.49762905 0
1149.45059383 0
1150.40434932 0
1151.3588962 0
1152.31423511 0
1153.27036671 0
1154.22729166 0
1155.18501062 0
1156.14352425 0
1157.1028332 0
1158.06293814 0
1159.02383972 0
1159.98553861 0
1160.94803547 0
1161.91133096 0
1162.87542574 0
1163.84032048 0
1164.80601584 0
1165.77251248 0
1166.73981108 0
1167.70791229 0
1168.67681678 0
1169.64652522 0
1170.61703827 0
1171.5883566 0
1172.56048089 0
1173.53341179 0
1174.50714999 0
1175.48169614 0
1176.45705092 0
1177.433215 0
1178.41018905 0
1179.38797374 0
1180.36656975 0
1181.34597775 0
1182.32619841 0
1183.30723241 0
1184.28908042 0
1185.27174312 0
1186.25522118 0
1187.23951529 0
1188.2246261 0
1189.21055432 0
1190.1973006 0
1191.18486564 0
1192.17325011 0
1193.16245469 0
1194.15248007 0
1195.14332691 0
1196.13499591 0
1197.12748774 0
1198.1208031 0
1199.11494265 0
1200.1099071 0
1201.10569711 0
1202.10231338 0
1203.09975659 0
1204.09802743 0
1205.09712658 0
1206.09705474 0
1207.09781258 0
1208.0994008 0
1209.10182009 0
1210.10507114 0
1211.10915463 0
1212.11407126 0
1213.11982171 0
1214.12640669 0
1215.13382688 0
1216.14208298 0
1217.15117567 0
1218.16110566 0
1219.17187364 0
1220.1834803 0
1221.19592634 0
1222.20921246 0
1223.22333935 0
1224.23830771 0
1225.25411824 0
1226.27077164 0
1227.28826861 0
1228.30660984 0
1229.32579604 0
1230.34582791 0
1231.36670615 0
1232.38843146 0
1233.41100455 0
1234.43442612 0
1235.45869687 0
1236.4838175 0
1237.50978873 0
1238.53661126 0
1239.5642858 0
1240.59281304 0
1241.62219371 0
1242.6524285 0
1243.68351813 0
1244.7154633 0
1245.74826473 0
1246.78192313 0
1247.8164392 0
1248.85181366 0
1249.88804723 0
1250.9251406 0
1251.96309451 0
1253.00190965 0
1254.04158675 0
1255.08212652 0
1256.12352968 0
1257.16579695 0
1258.20892903 0
1259.25292665 0
1260.29779052 0
1261.34352137 0
1262.39011992 0
1263.43758688 0
1264.48592297 0
1265.53512892 0
1266.58520545 0
1267.63615328 0
1268.68797313 0
1269.74066572 0
1270.79423179 0
1271.84867205 0
1272.90398724 0
1273.96017807 0
1275.01724527 0
1276.07518957 0
1277.13401171 0
1278.19371239 0
1279.25429237 0
1280.31575236 0
1281.37809309 0
1282.4413153 0
1283.50541972 0
1284.57040708 0
1285.63627811 0
1286.70303355 0
1287.77067412 0
1288.83920057 0
1289.90861363 0
1290.97891403 0
1292.05010252 0
1293.12217982 0
1294.19514667 0
1295.26900382 0
1296.343752 0
1297.41939195 0
1298.49592442 0
1299.57335013 0
1300.65166984 0
1301.73088428 0
1302.8109942 0
1303.89200034 0
1304.97390344 0
1306.05670425 0
1307.14040352 0
1308.22500198 0
1309.31050039 0
1310.39689949 0
1311.48420003 0
1312.57240275 0
1313.66150841 0
1314.75151775 0
1315.84243153 0
1316.93425049 0
1318.02697539 0
1319.12060697 0
1320.215146 0
1321.31059322 0
1322.40694938 0
1323.50421524 0
1324.60239156 0
1325.70147909 0
1326.80147859 0
1327.90239081 0
1329.00421651 0
1330.10695645 0
1331.21061139 0
1332.31518208 0
1333.42066929 0
1334.52707378 0
1335.63439631 0
1336.74263763 0
1337.85179852 0
1338.96187973 0
1340.07288203 0
1341.18480619 0
1342.29765296 0
1343.41142312 0
1344.52611742 0
1345.64173664 0
1346.75828155 0
1347.87575291 0
1348.99415149 0
1350.11347806 0
1351.23373339 0
1352.35491825 0
1353.47703341 0
1354.60007964 0
1355.72405773 0
1356.84896843 0
1357.97481252 0
1359.10159079 0
1360.22930399 0
1361.35795292 0
1362.48753834 0
1363.61806103 0
1364.74952178 0
1365.88192135 0
1367.01526053 0
1368.1495401 0
1369.28476083 0
1370.42092351 0
1371.55802892 0
1372.69607785 0
1373.83507107 0
1374.97500936 0
1376.11589352 0
1377.25772433 0
1378.40050257 0
1379.54422903 0
1380.6889045 0
1381.83452976 0
1382.9811056 0
1384.12863281 0
1385.27711218 0
1386.4265445 0
1387.57693056 0
1388.72827115 0
1389.88056707 0
1391.0338191 0
1392.18802804 0
1393.34319469 0
1394.49931983 0
1395.65640427 0
1396.8144488 0
1397.97345421 0
1399.13342131 0
1400.29435089 0
1401.45624374 0
1402.61910068 0
1403.7829225 0
1404.94771 0
1406.11346398 0
1407.28018524 0
1408.44787459 0
1409.61653283 0
1410.78616076 0
1411.95675918 0
1413.12832891 0
1414.30087075 0
1415.47438551 0
1416.64887399 0
1417.82433699 0
1419.00077534 0
1420.17818984 0
1421.35658129 0
1422.53595052 0
1423.71629832 0
1424.89762552 0
1426.07993292 0
1427.26322134 0
1428.44749159 0
1429.63274449 0
1430.81898085 0
1432.0062015 0
1433.19440723 0
1434.38359888 0
1435.57377726 0
1436.76494319 0
1437.95709748 0
1439.15024097 0
1440.34437447 0
1441.53949879 0
1442.73561477 0
1443.93272323 0
1445.13082498 0
1446.32992086 0
1447.53001169 0
1448.73109829 0
1449.93318149 0
1451.13626212 0
1452.34034101 0
1453.54541898 0
1454.75149686 0
1455.95857548 0
1457.16665567 0
1458.37573827 0
1459.5858241 0
1460.796914 0
1462.00900881 0
1463.22210934 0
1464.43621645 0
1465.65133095 0
1466.8674537 0
1468.08458553 0
1469.30272727 0
1470.52187976 0
1471.74204384 0
1472.96322035 0
1474.18541014 0
1475.40861403 0
1476.63283287 0
1477.85806751 0
1479.08431879 0
1480.31158755 0
1481.53987463 0
1482.76918088 0
1483.99950715 0
1485.23085428 0
1486.46322312 0
1487.69661451 0
1488.93102931 0
1490.16646837 0
1491.40293253 0
1492.64042264 0
1493.87893957 0
1495.11848414 0
1496.35905724 0
1497.60065969 0
1498.84329236 0
1500.08695611 0
1501.33165178 0
1502.57738024 0
1503.82414235 0
1505.07193895 0
1506.32077091 0
1507.57063908 0
1508.82154434 0
1510.07348753 0
1511.32646952 0
1512.58049117 0
1513.83555334 0
1515.0916569 0
1516.34880271 0
1517.60699164 0
1518.86622454 0
1520.1265023 0
1521.38782577 0
1522.65019582 0
1523.91361332 0
1525.17807914 0
1526.44359415 0
1527.71015922 0
1528.97777522 0
1530.24644302 0
1531.5161635 0
1532.78693753 0
1534.05876598 0
1535.33164973 0
1536.60558966 0
1537.88058663 0
1539.15664153 0
1540.43375524 0
1541.71192863 0
1542.99116259 0
1544.27145799 0
1545.55281571 0
1546.83523664 0
1548.11872165 0
1549.40327164 0
1550.68888747 0
1551.97557005 0
1553.26332025 0
1554.55213896 0
1555.84202707 0
1557.13298546 0
1558.42501502 0
1559.71811664 0
1561.01229122 0
1562.30753963 0
1563.60386277 0
1564.90126154 0
1566.19973682 0
1567.49928951 0
1568.7999205 0
1570.10163069 0
1571.40442097 0
1572.70829224 0
1574.0132454 0
1575.31928134 0
1576.62640096 0
1577.93460517 0
1579.24389485 0
1580.55427092 0
1581.86573427 0
1583.1782858 0
1584.49192643 0
1585.80665704 0
1587.12247856 0
1588.43939187 0
1589.75739789 0
1591.07649753 0
1592.39669168 0
1593.71798127 0
1595.0403672 0
1596.36385037 0
1597.6884317 0
1599.01411211 0
1600.34089249 0
1601.66877377 0
1602.99775686 0
1604.32784267 0
1605.65903212 0
1606.99132612 0
1608.32472559 0
1609.65923145 0
1610.99484461 0
1612.331566 0
1613.66939653 0
1615.00833712 0
1616.3483887 0
1617.68955218 0
1619.03182849 0
1620.37521856 0
1621.7197233 0
1623.06534364 0
1624.41208052 0
1625.75993484 0
1627.10890755 0
1628.45899956 0
1629.81021181 0
1631.16254523 0
1632.51600075 0
1633.87057929 0
1635.22628179 0
1636.58310919 0
1637.94106242 0
1639.3001424 0
1640.66035008 0
1642.02168639 0
1643.38415227 0
1644.74774865 0
1646.11247647 0
1647.47833668 0
1648.84533021 0
1650.213458 0
1651.58272099 0
1652.95312013 0
1654.32465635 0
1655.6973306 0
1657.07114383 0
1658.44609698 0
1659.822191 0
1661.19942683 0
1662.57780542 0
1663.95732772 0
1665.33799467 0
1666.71980723 0
1668.10276635 0
1669.48687298 0
1670.87212807 0
1672.25853257 0
1673.64608744 0
1675.03479363 0
1676.42465211 0
1677.81566381 0
1679.2078297 0
1680.60115075 0
1681.9956279 0
1683.39126211 0
1684.78805436 0
1686.18600559 0
1687.58511676 0
1688.98538885 0
1690.38682282 0
1691.78941962 0
1693.19318022 0
1694.5981056 0
1696.00419671 0
1697.41145452 0
1698.81988 0
1700.22947413 0
1701.64023786 0
1703.05217217 0
1704.46527803 0
1705.87955642 0
1707.2950083 0
1708.71163465 0
1710.12943645 0
1711.54841467 0
1712.96857028 0
1714.38990426 0
1715.8124176 0
1717.23611126 0
1718.66098623 0
1720.0870435 0
1721.51428403 0
1722.94270881 0
1724.37231883 0
1725.80311506 0
1727.23509849 0
1728.66827012 0
1730.10263091 0
1731.53818187 0
1732.97492397 0
1734.41285821 0
1735.85198557 0
1737.29230704 0
1738.73382362 0
1740.1765363 0
1741.62044607 0
1743.06555392 0
1744.51186085 0
1745.95936785 0
1747.40807591 0
1748.85798604 0
1750.30909923 0
1751.76141649 0
1753.2149388 0
1754.66966717 0
1756.1256026 0
1757.58274609 0
1759.04109864 0
1760.50066126 0
1761.96143495 0
1763.42342071 0
1764.88661956 0
1766.3510325 0
1767.81666053 0
1769.28350466 0
1770.75156591 0
1772.22084527 0
1773.69134378 0
1775.16306242 0
1776.63600222 0
1778.1101642 0
1779.58554936 0
1781.06215871 0
1782.53999329 0
1784.01905409 0
1785.49934214 0
1786.98085847 0
1788.46360407 0
1789.94757999 0
1791.43278723 0
1792.91922682 0
1794.40689978 0
1795.89580714 0
1797.38594992 0
1798.87732914 0
1800.36994584 0
1801.86380103 0
1803.35889574 0
1804.85523101 0
1806.35280786 0
1807.85162732 0
1809.35169043 0
1810.85299822 0
1812.35555171 0
1813.85935194 0
1815.36439995 0
1816.87069678 0
1818.37824345 0
1819.88704101 0
1821.39709049 0
1822.90839293 0
1824.42094937 0
1825.93476086 0
1827.44982843 0
1828.96615313 0
1830.48373599 0
1832.00257807 0
1833.5226804 0
1835.04404404 0
1836.56667003 0
1838.09055942 0
1839.61571325 0
1841.14213258 0
1842.66981845 0
1844.19877192 0
1845.72899403 0
1847.26048585 0
1848.79324842 0
1850.32728279 0
1851.86259003 0
1853.3991712 0
1854.93702733 0
1856.4761595 0
1858.01656877 0
1859.55825619 0
1861.10122282 0
1862.64546973 0
1864.19099797 0
1865.73780862 0
1867.28590273 0
1868.83528137 0
1870.3859456 0
1871.9378965 0
1873.49113512 0
1875.04566255 0
1876.60147984 0
1878.15858807 0
1879.71698831 0
1881.27668163 0
1882.83766911 0
1884.39995181 0
1885.96353081 0
1887.5284072 0
1889.09458203 0
1890.6620564 0
1892.23083138 0
1893.80090805 0
1895.37228749 0
1896.94497078 0
1898.518959 0
1900.09425324 0
1901.67085457 0
1903.24876409 0
1904.82798288 0
1906.40851203 0
1907.99035261 0
1909.57350573 0
1911.15797246 0
1912.74375391 0
1914.33085116 0
1915.9192653 0
1917.50899742 0
1919.10004862 0
1920.69242 0
1922.28611264 0
1923.88112765 0
1925.47746612 0
1927.07512915 0
1928.67411785 0
1930.2744333 0
1931.87607661 0
1933.47904888 0
1935.08335122 0
1936.68898472 0
1938.2959505 0
1939.90424966 0
1941.5138833 0
1943.12485253 0
1944.73715846 0
1946.35080221 0
1947.96578487 0
1949.58210756 0
1951.19977139 0
1952.81877748 0
1954.43912694 0
1956.06082088 0
1957.68386042 0
1959.30824668 0
1960.93398077 0
1962.56106381 0
1964.18949692 0
1965.81928122 0
1967.45041783 0
1969.08290788 0
1970.71675248 0
1972.35195277 0
1973.98850986 0
1975.62642488 0
1977.26569896 0
1978.90633323 0
1980.54832881 0
1982.19168684 0
1983.83640844 0
1985.48249474 0
1987.12994689 0
1988.77876601 0
1990.42895323 0
1992.08050969 0
1993.73343653 0
1995.38773489 0
1997.0434059 0
1998.7004507 0
2000.35887043 0
2002.01866623 0
2003.67983925 0
2005.34239062 0
2007.0063215 0
2008.67163302 0
2010.33832633 0
2012.00640257 0
2013.67586291 0
2015.34670847 0
2017.01894042 0
2018.6925599 0
2020.36756806 0
2022.04396606 0
2023.72175505 0
2025.40093619 0
2027.08151062 0
2028.76347951 0
2030.44684401 0
2032.13160528 0
2033.81776447 0
2035.50532276 0
2037.1942813 0
2038.88464125 0
2040.57640377 0
2042.26957003 0
2043.9641412 0
2045.66011843 0
2047.3575029 0
2049.05629577 0
2050.75649822 0
2052.4581114 0
2054.1611365 0
2055.86557468 0
2057.57142712 0
2059.27869498 0
2060.98737945 0
2062.6974817 0
2064.40900291 0
2066.12194424 0
2067.83630689 0
2069.55209203 0
2071.26930084 0
2072.98793451 0
2074.7079942 0
2076.42948112 0
2078.15239644 0
2079.87674134 0
2081.60251702 0
2083.32972466 0
2085.05836545 0
2086.78844057 0
2088.51995123 0
2090.2528986 0
2091.98728388 0
2093.72310827 0
2095.46037296 0
2097.19907914 0
2098.93922801 0
2100.68082077 0
2102.42385861 0
2104.16834274 0
2105.91427435 0
2107.66165465 0
2109.41048483 0
2111.1607661 0
2112.91249967 0
2114.66568674 0
2116.42032851 0
2118.17642619 0
2119.933981 0
2121.69299413 0
2123.4534668 0
2125.21540023 0
2126.97879561 0
2128.74365417 0
2130.50997712 0
2132.27776568 0
2134.04702106 0
2135.81774447 0
2137.58993714 0
2139.36360029 0
2141.13873513 0
2142.91534289 0
2144.69342478 0
2146.47298204 0
2148.25401588 0
2150.03652754 0
2151.82051823 0
2153.60598919 0
2155.39294163 0
2157.18137681 0
2158.97129593 0
2160.76270024 0
2162.55559096 0
2164.34996933 0
2166.14583659 0
2167.94319396 0
2169.74204269 0
2171.54238402 0
2173.34421917 0
2175.1475494 0
2176.95237594 0
2178.75870003 0
2180.56652291 0
2182.37584584 0
2184.18667005 0
2185.99899679 0
2187.8128273 0
2189.62816284 0
2191.44500465 0
2193.26335399 0
2195.0832121 0
2196.90458023 0
2198.72745964 0
2200.55185159 0
2202.37775732 0
2204.2051781 0
2206.03411517 0
2207.86456981 0
2209.69654326 0
2211.53003679 0
2213.36505166 0
2215.20158913 0
2217.03965047 0
2218.87923694 0
2220.7203498 0
2222.56299032 0
2224.40715978 0
2226.25285943 0
2228.10009055 0
2229.9488544 0
2231.79915227 0
2233.65098542 0
2235.50435512 0
2237.35926266 0
2239.21570931 0
2241.07369634 0
2242.93322503 0
2244.79429667 0
2246.65691252 0
2248.52107388 0
2250.38678203 0
2252.25403825 0
2254.12284382 0
2255.99320003 0
2257.86510817 0
2259.73856952 0
2261.61358537 0
2263.49015702 0
2265.36828574 0
2267.24797285 0
2269.12921962 0
2271.01202736 0
2272.89639735 0
2274.7823309 0
2276.6698293 0
2278.55889385 0
2280.44952585 0
2282.3417266 0
2284.2354974 0
2286.13083955 0
2288.02775436 0
2289.92624314 0
2291.82630719 0
2293.72794781 0
2295.63116631 0
2297.53596401 0
2299.44234222 0
2301.35030224 0
2303.25984539 0
2305.17097297 0
2307.08368632 0
2308.99798674 0
2310.91387554 0
2312.83135406 0
2314.7504236 0
2316.67108548 0
2318.59334103 0
2320.51719157 0
2322.44263843 0
2324.36968292 0
2326.29832638 0
2328.22857012 0
2330.16041549 0
2332.0938638 0
2334.02891639 0
2335.96557458 0
2337.90383972 0
2339.84371313 0
2341.78519614 0
2343.7282901 0
2345.67299634 0
2347.6193162 0
2349.56725102 0
2351.51680213 0
2353.46797088 0
2355.42075862 0
2357.37516667 0
2359.33119639 0
2361.28884913 0
2363.24812623 0
2365.20902904 0
2367.1715589 0
2369.13571717 0
2371.1015052 0
2373.06892434 0
2375.03797594 0
2377.00866136 0
2378.98098196 0
2380.95493909 0
2382.9305341 0
2384.90776837 0
2386.88664324 0
2388.86716008 0
2390.84932026 0
2392.83312513 0
2394.81857606 0
2396.80567441 0
2398.79442156 0
2400.78481887 0
2402.77686771 0
2404.77056945 0
2406.76592546 0
2408.76293712 0
2410.76160579 0
2412.76193286 0
2414.7639197 0
2416.76756769 0
2418.7728782 0
2420.77985261 0
2422.78849231 0
2424.79879868 0
2426.81077309 0
2428.82441694 0
2430.83973161 0
2432.85671848 0
2434.87537895 0
2436.8957144 0
2438.91772622 0
2440.9414158 0
2442.96678454 0
2444.99383382 0
2447.02256505 0
2449.05297961 0
2451.08507891 0
2453.11886434 0
2455.1543373 0
2457.1914992 0
2459.23035142 0
2461.27089539 0
2463.31313249 0
2465.35706414 0
2467.40269173 0
2469.45001669 0
2471.49904041 0
2473.5497643 0
2475.60218978 0
2477.65631826 0
2479.71215115 0
2481.76968987 0
2483.82893583 0
2485.88989044 0
2487.95255513 0
2490.01693131 0
2492.08302041 0
2494.15082384 0
2496.22034303 0
2498.2915794 0
2500.36453438 0
2502.43920939 0
2504.51560586 0
2506.59372522 0
2508.6735689 0
2510.75513832 0
2512.83843492 0
2514.92346014 0
2517.01021541 0
2519.09870215 0
2521.18892182 0
2523.28087585 0
2525.37456567 0
2527.46999273 0
2529.56715847 0
2531.66606433 0
2533.76671175 0
2535.86910219 0
2537.97323708 0
2540.07911787 0
2542.18674602 0
2544.29612297 0
2546.40725017 0
2548.52012908 0
2550.63476115 0
2552.75114783 0
2554.86929058 0
2556.98919086 0
2559.11085012 0
2561.23426983 0
2563.35945144 0
2565.48639643 0
2567.61510624 0
2569.74558234 0
2571.87782621 0
2574.0118393 0
2576.14762309 0
2578.28517905 0
2580.42450864 0
2582.56561333 0
2584.70849461 0
2586.85315393 0
2588.99959279 0
2591.14781266 0
2593.297815 0
2595.44960131 0
2597.60317306 0
2599.75853174 0
2601.91567882 0
2604.07461579 0
2606.23534414 0
2608.39786535 0
2610.56218091 0
2612.72829231 0
2614.89620104 0
2617.06590859 0
2619.23741645 0
2621.41072612 0
2623.58583908 0
2625.76275685 0
2627.94148091 0
2630.12201277 0
2632.30435392 0
2634.48850587 0
2636.67447011 0
2638.86224816 0
2641.05184151 0
2643.24325167 0
2645.43648016 0
2647.63152847 0
2649.82839813 0
2652.02709063 0
2654.2276075 0
2656.42995024 0
2658.63412038 0
2660.84011942 0
2663.04794889 0
2665.25761031 0
2667.46910518 0
2669.68243505 0
2671.89760142 0
2674.11460582 0
2676.33344978 0
2678.55413483 0
2680.77666249 0
2683.00103428 0
2685.22725175 0
2687.45531642 0
2689.68522982 0
2691.91699349 0
2694.15060897 0
2696.38607778 0
2698.62340147 0
2700.86258158 0
2703.10361965 0
2705.34651722 0
2707.59127583 0
2709.83789702 0
2712.08638235 0
2714.33673336 0
2716.58895159 0
2718.8430386 0
2721.09899593 0
2723.35682514 0
2725.61652779 0
2727.87810542 0
2730.14155959 0
2732.40689186 0
2734.67410379 0
2736.94319693 0
2739.21417286 0
2741.48703312 0
2743.76177929 0
2746.03841292 0
2748.31693559 0
2750.59734886 0
2752.8796543 0
2755.16385349 0
2757.44994798 0
2759.73793936 0
2762.0278292 0
2764.31961907 0
2766.61331055 0
2768.90890522 0
2771.20640466 0
2773.50581045 0
2775.80712416 0
2778.11034739 0
2780.41548172 0
2782.72252873 0
2785.03149 0
2787.34236714 0
2789.65516173 0
2791.96987535 0
2794.2865096 0
2796.60506608 0
2798.92554638 0
2801.2479521 0
2803.57228483 0
2805.89854617 0
2808.22673773 0
2810.5568611 0
2812.88891789 0
2815.2229097 0
2817.55883814 0
2819.89670481 0
2822.23651132 0
2824.57825929 0
2826.92195032 0
2829.26758602 0
2831.61516802 0
2833.96469792 0
2836.31617733 0
2838.66960789 0
2841.0249912 0
2843.38232889 0
2845.74162258 0
2848.10287389 0
2850.46608444 0
2852.83125587 0
2855.1983898 0
2857.56748785 0
2859.93855166 0
2862.31158286 0
2864.68658307 0
2867.06355395 0
2869.44249711 0
2871.82341419 0
2874.20630684 0
2876.5911767 0
2878.97802539 0
2881.36685458 0
2883.75766589 0
2886.15046097 0
2888.54524147 0
2890.94200904 0
2893.34076533 0
2895.74151198 0
2898.14425065 0
2900.54898299 0
2902.95571065 0
2905.36443529 0
2907.77515857 0
2910.18788215 0
2912.60260768 0
2915.01933682 0
2917.43807125 0
2919.85881262 0
2922.28156259 0
2924.70632284 0
2927.13309503 0
2929.56188083 0
2931.99268192 0
2934.42549996 0
2936.86033663 0
2939.2971936 0
2941.73607256 0
2944.17697517 0
2946.61990311 0
2949.06485808 0
2951.51184174 0
2953.96085578 0
2956.4119019 0
2958.86498176 0
2961.32009707 0
2963.7772495 0
2966.23644075 0
2968.69767252 0
2971.16094649 0
2973.62626436 0
2976.09362783 0
2978.56303858 0
2981.03449833 0
2983.50800877 0
2985.98357161 0
2988.46118853 0
2990.94086126 0
2993.4225915 0
2995.90638095 0
2998.39223132 0
3000.88014432 0
3003.37012166 0
3005.86216506 0
3008.35627624 0
3010.85245689 0
3013.35070876 0
3015.85103354 0
3018.35343297 0
3020.85790875 0
3023.36446263 0
3025.87309632 0
3028.38381154 0
3030.89661002 0
3033.4114935 0
3035.9284637 0
3038.44752236 0
3040.9686712 0
3043.49191196 0
3046.01724637 0
3048.54467619 0
3051.07420313 0
3053.60582895 0
3056.13955538 0
3058.67538416 0
3061.21331705 0
3063.75335579 0
3066.29550212 0
3068.83975779 0
3071.38612456 0
3073.93460417 0
3076.48519838 0
3079.03790895 0
3081.59273762 0
3084.14968616 0
3086.70875633 0
3089.26994988 0
3091.83326858 0
3094.39871419 0
3096.96628847 0
3099.5359932 0
3102.10783014 0
3104.68180106 0
3107.25790773 0
3109.83615192 0
3112.4165354 0
3114.99905996 0
3117.58372736 0
3120.17053939 0
3122.75949782 0
3125.35060444 0
3127.94386103 0
3130.53926937 0
3133.13683124 0
3135.73654844 0
3138.33842276 0
3140.94245597 0
3143.54864988 0
3146.15700628 0
3148.76752696 0
3151.38021371 0
3153.99506834 0
3156.61209265 0
3159.23128842 0
3161.85265747 0
3164.4762016 0
3167.10192262 0
3169.72982232 0
3172.35990252 0
3174.99216502 0
3177.62661165 0
3180.2632442 0
3182.90206449 0
3185.54307435 0
3188.18627558 0
3190.83167 0
3193.47925944 0
3196.12904571 0
3198.78103064 0
3201.43521605 0
3204.09160377 0
3206.75019562 0
3209.41099344 0
3212.07399905 0
3214.73921429 0
3217.40664098 0
3220.07628098 0
3222.7481361 0
3225.42220819 0
3228.0984991 0
3230.77701065 0
3233.45774469 0
3236.14070307 0
3238.82588763 0
3241.51330022 0
3244.20294269 0
3246.89481689 0
3249.58892467 0
3252.28526788 0
3254.98384838 0
3257.68466802 0
3260.38772867 0
3263.09303218 0
3265.80058041 0
3268.51037522 0
3271.22241849 0
3273.93671207 0
3276.65325783 0
3279.37205765 0
3282.09311338 0
3284.81642691 0
3287.54200011 0
3290.26983485 0
3292.999933 0
3295.73229645 0
3298.46692708 0
3301.20382677 0
3303.94299739 0
3306.68444084 0
3309.428159 0
3312.17415376 0
3314.922427 0
3317.67298062 0
3320.42581651 0
3323.18093656 0
3325.93834267 0
3328.69803674 0
3331.46002065 0
3334.22429633 0
3336.99086565 0
3339.75973054 0
3342.53089289 0
3345.3043546 0
3348.0801176 0
3350.85818378 0
3353.63855506 0
3356.42123335 0
3359.20622056 0
3361.99351862 0
3364.78312943 0
3367.57505492 0
3370.369297 0
3373.16585761 0
3375.96473866 0
3378.76594208 0
3381.56946979 0
3384.37532373 0
3387.18350582 0
3389.994018 0
3392.8068622 0
3395.62204035 0
3398.4395544 0
3401.25940627 0
3404.08159791 0
3406.90613127 0
3409.73300828 0
3412.56223088 0
3415.39380103 0
3418.22772068 0
3421.06399176 0
3423.90261624 0
3426.74359607 0
3429.58693319 0
3432.43262957 0
3435.28068717 0
3438.13110794 0
3440.98389384 0
3443.83904684 0
3446.69656889 0
3449.55646198 0
3452.41872806 0
3455.2833691 0
3458.15038707 0
3461.01978395 0
3463.89156171 0
3466.76572232 0
3469.64226776 0
3472.52120002 0
3475.40252107 0
3478.28623289 0
3481.17233746 0
3484.06083678 0
3486.95173283 0
3489.8450276 0
3492.74072308 0
3495.63882125 0
3498.53932412 0
3501.44223368 0
3504.34755193 0
3507.25528086 0
3510.16542247 0
3513.07797878 0
3515.99295177 0
3518.91034346 0
3521.83015585 0
3524.75239096 0
3527.67705078 0
3530.60413734 0
3533.53365265 0
3536.46559872 0
3539.39997757 0
3542.33679122 0
3545.27604168 0
3548.21773099 0
3551.16186115 0
3554.10843421 0
3557.05745219 0
3560.0089171 0
3562.962831 0
3565.9191959 0
3568.87801384 0
3571.83928686 0
3574.80301699 0
3577.76920627 0
3580.73785675 0
3583.70897046 0
3586.68254945 0
3589.65859577 0
3592.63711145 0
3595.61809856 0
3598.60155913 0
3601.58749524 0
3604.57590891 0
3607.56680222 0
3610.56017723 0
3613.55603598 0
3616.55438054 0
3619.55521298 0
3622.55853535 0
3625.56434973 0
3628.57265818 0
3631.58346277 0
3634.59676557 0
3637.61256866 0
3640.63087411 0
3643.65168399 0
3646.67500039 0
3649.70082538 0
3652.72916105 0
3655.76000947 0
3658.79337274 0
3661.82925294 0
3664.86765216 0
3667.90857248 0
3670.95201601 0
3673.99798483 0
3677.04648104 0
3680.09750674 0
3683.15106402 0
3686.20715499 0
3689.26578175 0
3692.3269464 0
3695.39065105 0
3698.4568978 0
3701.52568877 0
3704.59702607 0
3707.6709118 0
3710.74734809 0
3713.82633705 0
3716.90788079 0
3719.99198145 0
3723.07864113 0
3726.16786197 0
3729.25964608 0
3732.3539956 0
3735.45091266 0
3738.55039937 0
3741.65245789 0
3744.75709033 0
3747.86429884 0
3750.97408555 0
3754.0864526 0
3757.20140214 0
3760.31893631 0
3763.43905724 0
3766.56176709 0
3769.68706801 0
3772.81496214 0
3775.94545164 0
3779.07853867 0
3782.21422536 0
3785.35251389 0
3788.49340641 0
3791.63690509 0
3794.78301208 0
3797.93172954 0
3801.08305966 0
3804.23700458 0
3807.39356649 0
3810.55274756 0
3813.71454995 0
3816.87897584 0
3820.04602741 0
3823.21570684 0
3826.38801631 0
3829.562958 0
3832.74053409 0
3835.92074678 0
3839.10359824 0
3842.28909067 0
3845.47722626 0
3848.6680072 0
3851.86143569 0
3855.05751393 0
3858.2562441 0
3861.45762842 0
3864.66166909 0
3867.8683683 0
3871.07772827 0
3874.28975121 0
3877.50443931 0
3880.7217948 0
3883.94181989 0
3887.16451679 0
3890.38988772 0
3893.6179349 0
3896.84866055 0
3900.08206689 0
3903.31815615 0
3906.55693054 0
3909.79839231 0
3913.04254368 0
3916.28938687 0
3919.53892414 0
3922.7911577 0
3926.0460898 0
3929.30372268 0
3932.56405857 0
3935.82709973 0
3939.09284839 0
3942.3613068 0
3945.63247722 0
3948.90636188 0
3952.18296304 0
3955.46228297 0
3958.7443239 0
3962.02908811 0
3965.31657784 0
3968.60679537 0
3971.89974295 0
3975.19542285 0
3978.49383734 0
3981.79498868 0
3985.09887915 0
3988.40551103 0
3991.71488657 0
3995.02700807 0
3998.34187779 0
